entity_id,ticker_at_date,year_month,n_mentions,n_distinct_authors,n_toplevel_posts,n_bullish,n_bearish,n_neutral,n_question,total_score,max_score,score_lag_days_median,total_thread_comments,n_removed,first_mention_ever,months_since_first_mention,n_cashtag,n_bare,n_name
50863,INTC,2013-04,1,1,1,,,,,1,1,546.1,0,0,1,0,0,0,1
732712,VZ,2013-04,1,1,1,,,,,1,1,546.1,0,0,1,0,0,0,1
1737706,SDRL,2014-08,5,1,5,,,,,0,0,386.7,3,0,1,0,0,2,3
712537,FCF,2015-02,2,1,2,,,,,3,2,200.0,0,0,1,0,0,2,0
1652044,GOOGL,2015-02,2,1,2,,,,,3,2,200.0,0,0,1,0,0,0,2
1737706,SDRL,2015-02,4,1,4,,,,,6,2,200.0,0,0,0,6,0,0,4
2115436,XOM,2015-02,2,1,2,,,,,3,2,200.0,0,0,1,0,0,0,2
4962,AXP,2015-03,2,1,2,,,,,2,1,171.3,0,0,1,0,0,0,2
27419,TGT,2015-03,1,1,1,,,,,1,1,171.2,0,0,1,0,0,0,1
50863,INTC,2015-03,1,1,1,,,,,2,2,178.6,4,0,0,23,0,0,1
320193,AAPL,2015-03,21,1,21,,,,,38,2,178.6,4,0,1,0,0,4,17
789019,MSFT,2015-03,1,1,1,,,,,2,2,178.6,4,0,1,0,0,0,1
1096343,MKL,2015-03,1,1,1,,,,,2,2,152.0,0,0,1,0,0,0,1
1341439,ORCL,2015-03,1,1,1,,,,,2,2,178.6,4,0,1,0,0,0,1
1647639,UPST,2015-03,1,1,1,,,,,2,2,178.6,4,0,1,0,0,0,1
1652044,GOOGL,2015-03,1,1,1,,,,,1,1,171.3,0,0,0,1,0,0,1
1680581,FULC,2015-03,2,1,2,,,,,2,1,171.2,0,0,1,0,0,0,2
1018724,AMZN,2015-05,3,1,3,,,,,4,2,112.3,3,0,1,0,0,0,3
1067983,BRK-B,2015-05,5,2,5,,,,,6,2,108.1,2,0,1,0,0,0,5
34088,,2015-06,1,1,1,,,,,1,1,86.4,0,0,1,0,0,0,1
1874138,SHGI,2015-06,1,1,1,,,,,1,1,79.2,0,0,1,0,0,0,1
1067983,BRK-B,2015-07,1,1,1,,,,,6,6,47.1,0,0,0,2,0,0,1
1652044,GOOG,2015-08,1,1,1,,,,,0,0,19.1,0,0,0,6,1,0,0
21344,KO,2016-01,1,1,1,,,,,3,3,33.0,0,0,1,0,0,1,0
27419,TGT,2016-01,1,1,1,,,,,2,2,14.4,4,0,0,10,0,0,1
1679920,SATLF,2016-01,1,1,1,,,,,3,3,25.3,0,0,1,0,0,0,1
21344,KO,2016-02,1,1,1,,,,,1,1,40.8,2,0,0,1,0,1,0
1018724,AMZN,2016-02,1,1,1,,,,,1,1,46.4,7,0,0,9,0,0,1
1067983,BRK-A,2016-02,1,0,1,,,,,1,1,47.0,4,0,0,9,0,1,0
1091223,MTLS,2016-02,1,0,1,,,,,1,1,47.0,4,0,1,0,0,0,1
1289419,MORN,2016-02,1,1,1,,,,,2,2,38.9,1,0,1,0,0,0,1
71691,NYT,2016-03,1,1,1,,,,,1,1,76.4,0,0,1,0,0,0,1
1652044,GOOGL,2016-03,1,1,1,,,,,1,1,62.2,0,0,0,13,0,0,1
1329099,BIDU,2016-04,2,1,2,,,,,2,1,25.5,0,0,1,0,0,0,2
104169,WMT,2016-05,1,1,1,,,,,3,3,30.5,0,0,1,0,0,0,1
320193,AAPL,2016-05,3,1,3,,,,,6,2,27.1,0,0,0,14,0,0,3
756894,B,2016-05,1,1,1,,,,,1,1,27.6,0,0,1,0,0,0,1
886982,GS,2016-05,2,2,2,,,,,2,1,29.7,0,0,1,0,0,0,2
1096343,MKL,2016-05,1,1,1,,,,,1,1,21.3,0,0,0,14,0,0,1
105016,WSO,2016-06,2,0,2,,,,,5,3,80.8,0,0,1,0,0,2,0
320193,AAPL,2016-06,1,0,1,,,,,1,1,82.7,2,0,0,15,0,1,0
886982,GS,2016-06,1,0,1,,,,,6,6,86.7,3,0,0,1,0,0,1
909832,COST,2016-06,1,1,1,,,,,1,1,69.8,0,0,1,0,0,0,1
935703,DLTR,2016-06,1,1,1,,,,,1,1,79.4,0,0,1,0,0,0,1
1045810,NVDA,2016-06,1,0,1,,,,,1,1,82.7,2,0,1,0,0,1,0
1067983,BRK-B,2016-06,3,0,3,,,,,3,1,90.3,0,1,0,13,0,0,3
1094285,TDY,2016-06,1,0,1,,,,,1,1,87.6,0,0,1,0,0,0,1
1096343,MKL,2016-06,1,0,1,,,,,6,6,86.7,3,0,0,15,0,0,1
1123360,GPN,2016-06,2,0,2,,,,,2,1,77.8,0,0,1,0,0,0,2
1141391,MA,2016-06,1,0,1,,,,,1,1,77.7,0,0,1,0,0,1,0
1180262,HLF,2016-06,1,0,1,,,,,1,1,77.9,0,0,1,0,0,0,1
1331284,DHT,2016-06,1,0,1,,,,,1,1,77.8,0,0,1,0,0,1,0
1454147,LOIMF,2016-06,2,0,2,,,,,2,1,73.2,0,1,1,0,0,0,2
1472033,JTGEY,2016-06,1,1,1,,,,,1,1,69.8,0,0,1,0,0,0,1
1652044,GOOGL,2016-06,1,0,1,,,,,1,1,80.8,0,0,0,16,0,0,1
4962,AXP,2016-07,1,1,1,,,,,1,1,54.1,0,0,0,16,0,0,1
73309,NUE,2016-07,1,1,1,,,,,1,1,52.4,0,0,1,0,0,0,1
1053092,GLDI,2016-07,1,0,1,,,,,1,1,37.3,0,0,1,0,0,0,1
1067983,BRK-B,2016-07,1,0,1,,,,,1,1,52.9,0,0,0,14,0,0,1
1414932,OCSL,2016-07,2,0,2,,,,,4,3,37.3,0,0,1,0,0,0,2
1633917,PYPL,2016-07,1,1,1,,,,,1,1,38.8,0,0,1,0,0,0,1
829224,SBUX,2016-08,1,1,1,,,,,1,1,31.9,0,0,1,0,0,0,1
78003,PFE,2016-09,1,1,1,,,,,2,2,28.9,0,0,1,0,0,0,1
1318605,TSLA,2016-09,3,1,3,,,,,5,2,39.7,0,1,1,0,0,0,3
829224,SBUX,2016-10,5,1,5,,,,,4,1,53.5,0,1,0,2,0,1,4
320193,AAPL,2016-11,3,1,3,,,,,9,3,58.5,0,0,0,20,0,0,3
829224,SBUX,2016-11,1,1,1,,,,,1,1,62.4,0,0,0,3,0,0,1
882095,GILD,2016-11,22,1,22,,,,,66,3,58.5,0,0,1,0,0,7,15
1067983,BRK-B,2016-11,1,1,1,,,,,3,3,65.7,0,0,0,18,0,0,1
1096343,MKL,2016-11,2,1,2,,,,,8,4,69.6,0,0,0,20,1,0,1
1176948,ARES,2016-11,1,1,1,,,,,1,1,55.2,1,0,1,0,0,0,1
1289419,MORN,2016-11,1,1,1,,,,,2,2,50.3,2,0,0,9,0,0,1
50863,INTC,2016-12,1,1,1,,,,,1,1,25.7,0,0,0,44,0,0,1
320193,AAPL,2016-12,2,1,2,,,,,4,2,25.5,0,0,0,21,0,0,2
804328,QCOM,2016-12,1,1,1,,,,,1,1,25.7,0,0,1,0,0,0,1
829224,SBUX,2016-12,1,1,1,,,,,0,0,31.4,0,0,0,4,0,0,1
1018724,AMZN,2016-12,2,1,2,,,,,4,3,28.6,0,0,0,19,0,0,2
1341439,ORCL,2016-12,1,1,1,,,,,1,1,25.7,0,0,0,21,0,0,1
1652044,GOOGL,2016-12,2,1,2,,,,,6,5,27.6,2,0,0,22,0,0,2
923120,GBX,2017-01,5,1,5,,,,,20,4,65.3,3,0,1,0,0,4,1
1341439,ORCL,2017-01,1,1,1,,,,,5,5,53.7,1,0,0,22,0,0,1
320193,AAPL,2017-02,3,2,3,,,,,5,2,40.6,7,0,0,23,1,0,2
882095,GILD,2017-02,1,1,1,,,,,3,3,33.7,1,0,0,3,1,0,0
1067983,BRK-B,2017-02,1,1,1,,,,,2,2,40.6,7,0,0,21,0,0,1
320193,AAPL,2017-03,1,1,1,,,,,2,2,43.5,0,0,0,24,0,0,1
815556,FAST,2017-03,2,1,2,,,,,6,3,40.9,2,0,1,0,0,1,1
1018724,AMZN,2017-03,4,2,4,,,,,23,7,17.5,12,0,0,22,0,0,4
1067983,BRK-B,2017-03,1,1,1,,,,,5,5,39.3,0,0,0,22,0,0,1
1096343,MKL,2017-03,1,1,1,,,,,2,2,25.9,0,0,0,24,0,0,1
1318605,TSLA,2017-03,1,1,1,,,,,2,2,43.5,0,0,0,6,0,0,1
882184,DHI,2017-04,1,1,1,,,,,1,1,30.6,3,0,1,0,0,1,0
885462,GURE,2017-04,1,1,1,,,,,0,0,33.4,2,0,1,0,0,1,0
895421,MS,2017-04,1,1,1,,,,,7,7,35.2,1,0,1,0,0,0,1
1018724,AMZN,2017-04,1,1,1,,,,,1,1,12.7,2,0,0,23,0,0,1
1318605,TSLA,2017-04,1,1,1,,,,,2,2,12.9,8,0,0,7,0,0,1
1067983,BRK-B,2017-05,1,1,1,,,,,6,6,11.4,0,0,0,24,0,0,1
320193,AAPL,2017-06,3,2,3,,,,,16,6,37.8,1,0,0,27,0,1,2
1018724,AMZN,2017-06,1,1,1,,,,,6,6,36.9,1,0,0,25,0,0,1
12927,BA,2017-07,3,1,3,,,,,12,4,15.1,6,0,1,0,0,1,2
1018724,AMZN,2017-07,1,0,1,,,,,5,5,12.1,0,1,0,26,0,0,1
1274494,FSLR,2017-07,1,0,1,,,,,4,4,9.9,1,1,1,0,0,0,1
1371285,TRUP,2017-07,1,1,1,,,,,4,4,32.4,3,0,1,0,0,0,1
826675,DX,2017-08,9,1,9,,,,,18,2,7.8,10,0,1,0,0,8,1
1122411,ASX,2017-08,1,1,1,,,,,4,4,22.7,11,0,1,0,0,1,0
1326801,META,2017-08,3,1,3,,,,,12,4,9.7,2,0,1,0,0,0,3
1564408,SNAP,2017-08,1,1,1,,,,,1,1,15.9,7,0,1,0,0,1,0
1620533,SHAK,2017-08,2,1,2,,,,,6,5,25.6,0,1,1,0,0,0,2
1329099,BIDU,2017-09,3,1,3,,,,,18,6,14.2,1,0,0,17,0,1,2
1549802,JD,2017-09,1,1,1,,,,,6,6,14.2,1,0,1,0,0,1,0
1577552,BABA,2017-09,3,1,3,,,,,18,6,14.2,1,0,1,0,0,1,2
1744676,TME,2017-09,2,1,2,,,,,12,6,14.2,1,0,1,0,0,0,2
1039065,OSIS,2017-12,2,1,2,,,,,0,0,31.4,0,0,1,0,0,1,1
1278680,IAU,2017-12,1,1,1,,,,,1,1,2.7,3,0,1,0,0,1,0
1791703,TII,2017-12,1,1,1,,,,,1,1,2.7,3,0,1,0,0,1,0
12927,BA,2018-01,1,1,1,,,,,2,2,26.1,4,0,0,6,0,0,1
63908,MCD,2018-01,1,1,1,,,,,2,2,29.9,3,0,1,0,1,0,0
320193,AAPL,2018-01,3,2,3,,,,,6,2,30.7,23,0,0,34,0,1,2
789019,MSFT,2018-01,1,1,1,,,,,2,2,26.1,4,0,0,34,0,0,1
48465,HRL,2018-02,2,1,2,,,,,4,2,25.5,2,0,1,0,0,1,1
1067983,BRK-B,2018-02,2,1,2,,,,,3,2,10.3,0,1,0,33,0,0,2
815097,CCL,2018-03,1,1,1,,,,,4,4,0.9,7,0,1,0,0,1,0
1018724,AMZN,2018-03,1,1,1,,,,,1,1,15.3,2,0,0,34,0,0,1
1067983,BRK-B,2018-03,1,1,1,,,,,1,1,15.3,2,0,0,34,0,0,1
50863,INTC,2018-04,1,1,1,,,,,0,0,69.9,10,0,0,60,0,0,1
320193,AAPL,2018-04,9,1,9,,,,,0,0,69.9,10,0,0,37,0,2,7
723125,MU,2018-04,1,1,1,,,,,1,1,66.4,0,0,1,0,0,0,1
1018724,AMZN,2018-04,1,1,1,,,,,0,0,69.9,10,0,0,35,0,0,1
1065280,NFLX,2018-04,2,1,2,,,,,0,0,69.9,10,0,1,0,0,0,2
1325618,IRMD,2018-04,1,1,1,,,,,1,1,57.4,0,0,1,0,0,0,1
1414932,OCSL,2018-04,1,1,1,,,,,4,4,57.6,1,0,0,21,0,0,1
1419945,TNK,2018-04,1,0,1,,,,,1,1,67.1,0,1,1,0,0,0,1
1652044,GOOGL,2018-04,1,1,1,,,,,0,0,69.9,10,0,0,38,0,0,1
1654795,BBUC,2018-04,1,0,1,,,,,1,1,67.1,0,1,1,0,0,0,1
320193,AAPL,2018-05,1,1,1,,,,,7,7,45.0,0,0,0,38,0,0,1
1067983,BRK-B,2018-05,1,1,1,,,,,11,11,43.3,4,0,0,36,0,0,1
1099219,MET,2018-05,1,1,1,,,,,0,0,50.8,0,0,1,0,0,0,1
1580670,LGIH,2018-05,1,1,1,,,,,0,0,52.2,0,0,1,0,0,0,1
1652044,GOOGL,2018-05,2,2,2,,,,,8,6,31.8,2,0,0,39,0,0,2
1685040,BHF,2018-05,1,1,1,,,,,0,0,50.8,0,0,1,0,0,0,1
717720,VALU,2018-06,1,1,1,,,,,0,0,82.5,2,0,1,0,0,0,1
918608,EGO,2018-06,1,1,1,,,,,1,1,84.9,3,0,1,0,0,0,1
1067983,BRK-B,2018-06,1,1,1,,,,,5,5,94.7,0,0,0,37,0,0,1
1030997,WILC,2018-07,1,1,1,,,,,6,6,55.2,27,0,1,0,0,1,0
1065280,NFLX,2018-07,1,1,1,,,,,7,7,51.1,8,0,0,3,0,0,1
1260729,GDV,2018-07,3,2,3,,,,,18,9,61.0,3,0,1,0,0,0,3
1278680,IAU,2018-07,1,1,1,,,,,5,5,62.5,5,0,0,7,0,0,1
1326801,META,2018-07,2,2,2,,,,,15,8,54.6,9,0,0,11,0,1,1
1652044,GOOGL,2018-07,2,1,2,,,,,12,6,55.2,27,0,0,41,0,0,2
1971213,SBGI,2018-07,2,1,2,,,,,2,1,48.4,6,0,1,0,0,2,0
2026053,PS,2018-07,1,1,1,,,,,2,2,56.3,0,0,1,0,0,0,1
1018724,AMZN,2018-08,1,1,1,,,,,10,10,41.7,12,0,0,39,0,0,1
1289419,MORN,2018-08,2,1,2,,,,,5,4,23.9,3,1,0,30,0,0,2
1326801,META,2018-08,1,1,1,,,,,1,1,41.5,7,0,0,12,0,0,1
1652044,GOOGL,2018-08,1,1,1,,,,,7,7,18.4,11,0,0,42,0,0,1
1798562,TMC,2018-08,1,1,1,,,,,0,0,22.0,3,0,1,0,0,1,0
1866364,BULL,2018-08,1,1,1,,,,,5,5,24.2,4,0,1,0,0,0,1
320193,AAPL,2018-09,1,1,1,,,,,8,8,31.9,0,0,0,42,0,0,1
1018724,AMZN,2018-09,1,1,1,,,,,8,8,31.9,0,0,0,40,0,0,1
1067983,BRK-B,2018-09,4,3,4,,,,,16,6,28.5,17,0,0,40,0,0,4
1737927,CGC,2018-09,1,1,1,,,,,2,2,37.3,3,0,1,0,0,1,0
19617,JPM,2018-10,1,1,1,,,,,1,1,24.1,3,0,1,0,0,0,1
27419,TGT,2018-10,1,1,1,,,,,7,7,43.7,0,0,0,43,0,0,1
316709,SCHW,2018-10,1,1,1,,,,,1,1,24.1,3,0,1,0,0,0,1
320187,NKE,2018-10,1,1,1,,,,,9,9,20.8,7,0,1,0,0,1,0
789019,MSFT,2018-10,1,1,1,,,,,9,9,20.8,7,0,0,43,0,1,0
858877,CSCO,2018-10,1,1,1,,,,,9,9,20.8,7,0,1,0,0,1,0
1067983,BRK-B,2018-10,2,1,2,,,,,26,13,35.9,9,0,0,41,0,0,2
1130713,BBBY,2018-10,1,1,1,,,,,8,8,21.4,2,0,1,0,0,1,0
1273685,ADAM,2018-10,1,1,1,,,,,1,1,36.4,0,0,1,0,0,0,1
1279495,BTE,2018-10,2,1,2,,,,,14,7,43.7,0,0,1,0,0,0,2
19617,JPM,2018-11,1,1,1,,,,,6,6,70.7,4,0,0,1,0,0,1
320193,AAPL,2018-11,3,2,3,,,,,21,7,60.8,11,0,0,44,0,1,2
732717,T,2018-11,2,1,2,,,,,6,3,79.0,3,0,1,0,0,2,0
833444,JCI,2018-11,1,1,1,,,,,7,7,86.5,12,0,1,0,0,1,0
909832,COST,2018-11,1,1,1,,,,,7,7,26.3,9,0,0,29,0,0,1
1018724,AMZN,2018-11,1,1,1,,,,,7,7,86.5,12,0,0,42,0,0,1
1065280,NFLX,2018-11,1,1,1,,,,,2,2,79.4,4,0,0,7,0,0,1
1067983,BRK-B,2018-11,3,3,3,,,,,25,13,78.8,13,0,0,42,0,0,3
1160106,LYG,2018-11,1,0,1,,,,,1,1,83.6,0,1,1,0,0,1,0
1166691,CMCSA,2018-11,1,1,1,,,,,3,3,79.0,3,0,1,0,0,1,0
1289419,MORN,2018-11,5,2,5,,,,,25,7,81.6,21,0,0,33,0,0,5
1570585,LBTYA,2018-11,1,1,1,,,,,3,3,67.7,1,0,1,0,0,0,1
1737927,CGC,2018-11,2,1,2,,,,,6,3,27.4,9,0,0,2,0,1,1
1744489,DIS,2018-11,5,1,5,,,,,10,2,79.4,4,0,1,0,0,0,5
1821424,UK,2018-11,1,1,1,,,,,7,7,78.8,10,0,1,0,0,1,0
1842726,LSEGY,2018-11,2,1,2,,,,,12,6,80.7,19,0,1,0,0,0,2
1985139,LSE,2018-11,1,1,1,,,,,3,3,85.0,17,0,1,0,0,1,0
92380,LUV,2018-12,3,1,3,,,,,27,9,31.3,0,0,1,0,0,2,1
320193,AAPL,2018-12,2,1,2,,,,,20,10,39.9,11,0,0,45,0,2,0
1018724,AMZN,2018-12,1,1,1,,,,,4,4,48.3,0,0,0,43,0,0,1
1067983,BRK-B,2018-12,1,1,1,,,,,6,6,31.4,0,0,0,43,0,0,1
1166003,XPO,2018-12,1,1,1,,,,,4,4,48.3,0,0,1,0,0,1,0
1577552,BABA,2018-12,1,1,1,,,,,1,1,55.6,0,0,0,15,0,0,1
1736541,NIO,2018-12,1,1,1,,,,,0,0,44.4,1,0,1,0,0,1,0
886986,TECK,2019-01,1,1,1,,,,,1,1,49.3,1,0,1,0,0,0,1
1059556,MCO,2019-01,1,1,1,,,,,1,1,68.6,7,0,1,0,0,0,1
1379785,BBDC,2019-01,1,1,1,,,,,0,0,52.2,0,0,1,0,0,0,1
1637459,KHC,2019-01,1,1,1,,,,,2,2,47.8,1,0,1,0,0,1,0
1985139,LSE,2019-01,1,1,1,,,,,2,2,46.9,35,0,0,2,0,1,0
5272,AIG,2019-02,1,1,1,,,,,0,0,25.8,0,0,1,0,0,1,0
78239,PVH,2019-02,1,1,1,,,,,3,3,44.9,3,0,1,0,0,1,0
316709,SCHW,2019-02,1,1,1,,,,,3,3,29.1,1,0,0,4,0,0,1
826675,DX,2019-02,10,1,10,,,,,0,0,25.8,0,0,0,18,0,9,1
886982,GS,2019-02,2,1,2,,,,,0,0,25.8,0,0,0,33,0,0,2
886986,TECK,2019-02,1,1,1,,,,,1,1,42.9,0,0,0,1,0,0,1
1067983,BRK-B,2019-02,3,3,3,,,,,16,7,26.7,4,0,0,45,0,0,3
1289419,MORN,2019-02,1,1,1,,,,,1,1,35.9,5,0,0,36,0,0,1
1326801,META,2019-02,1,1,1,,,,,1,1,27.4,0,0,0,18,0,0,1
1379785,BBDC,2019-02,4,1,4,,,,,0,0,25.8,0,0,0,1,0,0,4
1404912,KKR,2019-02,1,1,1,,,,,0,0,25.8,0,0,1,0,0,1,0
1472033,JTGEY,2019-02,1,1,1,,,,,0,0,25.8,0,0,0,32,0,0,1
1584207,OMF,2019-02,1,1,1,,,,,0,0,25.8,0,0,1,0,0,1,0
1637459,KHC,2019-02,1,1,1,,,,,5,5,26.9,4,0,0,1,0,0,1
1768666,BSTZ,2019-02,1,1,1,,,,,0,0,25.8,0,0,1,0,0,0,1
320193,AAPL,2019-03,1,0,1,,,,,5,5,77.8,4,1,0,48,0,0,1
715153,HMC,2019-03,1,1,1,,,,,6,6,98.9,8,0,1,0,0,1,0
796343,ADBE,2019-03,2,1,2,,,,,8,4,78.9,9,0,1,0,0,0,2
814453,NWL,2019-03,2,1,2,,,,,28,14,81.6,4,0,1,0,0,1,1
826675,DX,2019-03,14,1,14,,,,,0,0,87.1,3,0,0,19,0,14,0
890119,NIM,2019-03,1,1,1,,,,,0,0,87.1,2,0,1,0,0,1,0
1001085,BN,2019-03,1,1,1,,,,,7,7,89.0,6,0,1,0,0,0,1
1067983,BRK-B,2019-03,1,1,1,,,,,0,0,97.8,12,0,0,46,0,0,1
1318605,TSLA,2019-03,1,1,1,,,,,3,3,95.6,0,0,0,30,0,0,1
1345105,CPA,2019-03,1,1,1,,,,,0,0,87.1,2,0,1,0,0,1,0
1379785,BBDC,2019-03,9,1,9,,,,,0,0,87.1,3,0,0,2,0,0,9
1404912,KKR,2019-03,1,1,1,,,,,0,0,92.7,1,0,0,1,0,1,0
1465128,STWD,2019-03,1,1,1,,,,,0,0,87.1,2,0,1,0,0,0,1
1768666,BSTZ,2019-03,1,1,1,,,,,0,0,87.1,2,0,0,1,0,0,1
1779128,SRTA,2019-03,3,1,3,,,,,0,0,87.1,2,0,1,0,0,3,0
40545,GE,2019-04,1,1,1,,,,,8,8,51.9,8,0,1,0,0,0,1
1652044,GOOGL,2019-04,1,1,1,,,,,4,4,70.7,6,0,0,50,0,0,1
1744489,DIS,2019-04,8,1,8,,,,,16,2,50.2,6,0,0,5,0,2,6
27419,TGT,2019-05,1,1,1,,,,,1,1,21.1,4,0,0,50,0,0,1
1018724,AMZN,2019-05,2,1,2,,,,,10,5,24.1,2,0,0,48,0,0,2
1067983,BRK-B,2019-05,3,2,3,,,,,27,17,24.1,3,0,0,48,0,0,3
1326801,META,2019-05,2,1,2,,,,,10,5,41.6,6,0,0,21,0,0,2
1584509,ARMK,2019-05,2,1,2,,,,,2,1,21.1,4,0,1,0,0,1,1
1065280,NFLX,2019-06,1,1,1,,,,,7,7,59.9,0,0,0,14,0,0,1
1067983,BRK-B,2019-06,1,1,1,,,,,2,2,68.2,18,0,0,49,0,0,1
1177609,FIVE,2019-06,1,1,1,,,,,1,1,59.8,1,0,1,0,1,0,0
1671933,TTD,2019-06,1,0,1,,,,,3,3,70.6,2,1,1,0,0,1,0
312069,BCS,2019-07,1,1,1,,,,,2,2,54.2,3,0,1,0,0,1,0
92122,SO,2019-08,1,1,1,,,,,6,6,4.2,16,0,1,0,0,1,0
1637459,KHC,2019-08,1,1,1,,,,,6,6,4.2,16,0,0,7,0,1,0
7084,ADM,2019-09,1,1,1,,,,,3,3,191.0,6,0,1,0,0,1,0
1046050,TSBK,2019-09,1,1,1,,,,,2,2,214.8,1,0,1,0,0,0,1
1067983,BRK-B,2019-09,1,1,1,,,,,12,12,204.6,17,0,0,52,0,0,1
1639825,PTON,2019-09,1,1,1,,,,,0,0,191.7,4,0,1,0,0,0,1
1783879,HOOD,2019-09,1,1,1,,,,,0,0,191.7,4,0,1,0,0,0,1
2084563,LFAC,2019-09,1,1,1,,,,,11,11,210.3,10,0,1,0,0,0,1
12927,BA,2019-10,5,1,5,,,,,15,3,161.7,7,0,0,27,0,1,4
79879,PPG,2019-10,2,0,2,,,,,0,0,166.1,1,2,1,0,0,2,0
756894,B,2019-10,2,1,2,,,,,16,8,167.0,7,0,0,41,0,2,0
1067983,BRK-B,2019-10,2,1,2,,,,,12,6,178.2,1,0,0,53,0,0,2
1403161,V,2019-10,2,1,2,,,,,16,8,167.0,7,0,1,0,0,2,0
797468,OXY,2019-11,6,1,6,,,,,26,6,147.0,10,2,1,0,0,5,1
1067983,BRK-B,2019-11,2,1,2,,,,,7,6,153.1,10,1,0,54,0,0,2
1145255,HNNA,2019-11,2,1,2,,,,,8,4,150.5,2,0,1,0,0,1,1
1289419,MORN,2019-11,1,1,1,,,,,3,3,157.3,1,0,0,45,0,0,1
1326380,GME,2019-11,2,1,2,,,,,16,8,142.0,0,0,1,0,0,0,2
1616707,W,2019-11,4,1,4,,,,,4,1,150.9,6,0,1,0,0,0,4
1744489,DIS,2019-11,1,1,1,,,,,0,0,152.1,2,0,0,12,0,0,1
1767582,LKNCY,2019-11,1,1,1,,,,,3,3,147.3,12,0,1,0,0,0,1
320193,AAPL,2019-12,1,1,1,,,,,1,1,113.2,1,1,0,57,0,0,1
1065521,SFTBF,2019-12,2,1,2,,,,,12,6,124.1,7,0,1,0,0,0,2
1289419,MORN,2019-12,2,1,2,,,,,6,3,118.0,7,0,0,46,0,0,2
1577552,BABA,2019-12,1,1,1,,,,,6,6,124.1,7,0,0,27,0,0,1
4962,AXP,2020-01,2,1,2,,,,,24,12,80.3,2,0,0,58,0,0,2
12927,BA,2020-01,1,1,1,,,,,4,4,90.6,7,0,0,30,0,0,1
320193,AAPL,2020-01,2,1,2,,,,,6,3,79.4,5,0,0,58,0,0,2
764180,MO,2020-01,6,1,6,,,,,72,12,80.3,2,0,1,0,0,0,6
829224,SBUX,2020-01,19,1,19,,,,,57,3,93.0,3,0,0,41,0,0,19
886982,GS,2020-01,2,1,2,,,,,24,12,80.3,2,0,0,44,0,0,2
1017303,TACT,2020-01,1,1,1,,,,,3,3,93.0,3,0,1,0,0,0,1
1065280,NFLX,2020-01,1,1,1,,,,,2,2,85.7,14,0,0,21,0,0,1
1179929,MOH,2020-01,1,1,1,,,,,12,12,80.3,2,0,1,0,0,1,0
1318605,TSLA,2020-01,1,1,1,,,,,15,15,82.1,0,0,0,40,0,0,1
1637459,KHC,2020-01,2,2,2,,,,,14,12,87.5,3,0,0,12,0,0,2
1783879,HOOD,2020-01,2,1,2,,,,,4,2,78.4,6,0,0,4,0,0,2
104169,WMT,2020-02,1,1,1,,,,,9,9,57.0,7,0,0,45,0,0,1
320193,AAPL,2020-02,3,3,3,,,,,27,15,57.0,9,0,0,59,0,0,3
723612,CAR,2020-02,1,1,1,,,,,15,15,77.7,30,0,1,0,0,1,0
783412,DJCO,2020-02,1,1,1,,,,,11,11,63.8,1,0,1,0,0,0,1
790051,CSL,2020-02,1,1,1,,,,,15,15,77.7,30,0,1,0,0,1,0
943819,RMD,2020-02,2,1,2,,,,,30,15,77.7,30,0,1,0,0,1,1
1018724,AMZN,2020-02,1,0,1,,,,,3,3,67.8,0,0,0,57,0,0,1
1067983,BRK-B,2020-02,1,1,1,,,,,21,21,60.5,9,0,0,57,0,0,1
1074769,NAN,2020-02,1,1,1,,,,,15,15,77.7,30,0,1,0,0,1,0
1278680,IAU,2020-02,1,1,1,,,,,15,15,77.7,30,0,0,26,0,0,1
1289419,MORN,2020-02,2,2,2,,,,,5,3,57.1,15,0,0,48,0,0,2
1327068,USO,2020-02,4,0,4,,,,,12,3,67.8,0,0,1,0,0,4,0
1371489,III,2020-02,1,1,1,,,,,4,4,74.9,1,0,1,0,0,1,0
1535929,VOYA,2020-02,1,1,1,,,,,1,1,58.5,5,0,1,0,0,1,0
1577526,AI,2020-02,1,1,1,,,,,2,2,71.1,3,0,1,0,0,1,0
1652044,GOOGL,2020-02,2,1,2,,,,,3,3,75.8,1,1,0,60,0,0,2
1767582,LKNCY,2020-02,1,1,1,,,,,6,6,76.5,0,0,0,3,0,0,1
1768666,BSTZ,2020-02,1,0,1,,,,,3,3,67.8,0,0,0,12,0,0,1
1883313,SVV,2020-02,1,1,1,,,,,9,9,57.0,7,0,1,0,0,0,1
2128813,HGZDY,2020-02,2,1,2,,,,,18,9,66.9,2,0,1,0,0,0,2
8146,ALOT,2020-03,1,1,1,,,,,1,1,42.4,0,0,1,0,1,0,0
12927,BA,2020-03,1,1,1,,,,,0,0,29.8,2,0,0,32,0,0,1
21344,KO,2020-03,3,1,3,,,,,30,10,31.7,9,0,0,50,0,2,1
34088,,2020-03,2,1,2,,,,,6,3,43.9,7,0,0,57,0,0,2
70858,BAC,2020-03,1,1,1,,,,,1,1,37.1,1,0,1,0,0,1,0
93410,CVX,2020-03,1,1,1,,,,,3,3,43.9,7,0,1,0,0,0,1
106535,WY,2020-03,2,1,2,,,,,10,5,31.8,0,0,1,0,1,0,1
106640,WHR,2020-03,2,1,2,,,,,8,4,27.5,0,0,1,0,0,1,1
783412,DJCO,2020-03,1,1,1,,,,,18,18,48.2,5,0,0,1,0,0,1
789019,MSFT,2020-03,3,2,3,,,,,21,12,42.8,8,0,0,60,0,0,3
815097,CCL,2020-03,3,2,3,,,,,17,7,41.5,12,0,0,24,1,2,0
831001,C,2020-03,2,1,2,,,,,6,3,48.6,1,0,1,0,0,0,2
846913,FTEK,2020-03,2,1,2,,,,,12,6,36.7,10,0,1,0,0,2,0
897421,NPV,2020-03,1,1,1,,,,,9,9,25.4,7,0,1,0,0,1,0
1043219,NLY,2020-03,1,1,1,,,,,5,5,41.6,9,0,1,0,0,1,0
1067983,BRK-B,2020-03,4,2,4,,,,,21,7,36.4,23,0,0,58,0,0,4
1126328,PFG,2020-03,1,1,1,,,,,2,2,29.5,3,0,1,0,0,0,1
1166003,XPO,2020-03,4,1,4,,,,,24,6,47.6,6,0,0,15,0,4,0
1260729,GDV,2020-03,1,1,1,,,,,4,4,48.7,0,0,0,20,0,0,1
1289419,MORN,2020-03,1,1,1,,,,,4,4,49.0,2,0,0,49,0,0,1
1318605,TSLA,2020-03,2,1,2,,,,,2,1,25.0,0,2,0,42,0,0,2
1319947,DBI,2020-03,2,1,2,,,,,10,5,38.1,3,0,1,0,0,2,0
1345126,CODI,2020-03,1,1,1,,,,,5,5,41.6,9,0,1,0,0,1,0
1633917,PYPL,2020-03,1,1,1,,,,,0,0,40.5,0,1,0,44,0,0,1
1652044,GOOGL,2020-03,1,1,1,,,,,2,2,42.1,6,0,0,61,0,0,1
1697500,SEI,2020-03,1,1,1,,,,,1,1,33.5,1,0,1,0,0,0,1
50863,INTC,2020-04,1,1,1,,,,,1,1,0.0,0,0,0,84,0,0,1
70858,BAC,2020-04,1,1,1,,,,,0,0,0.9,2,0,0,1,1,0,0
77476,PEP,2020-04,1,1,1,,,,,3,3,11.4,5,0,1,0,0,0,1
217410,UL,2020-04,2,1,2,,,,,6,3,13.7,1,0,1,0,0,0,2
316709,SCHW,2020-04,2,1,2,,,,,4,2,8.5,3,0,0,18,0,0,2
731012,HCSG,2020-04,2,1,2,,,,,10,5,14.0,2,0,1,0,0,0,2
789019,MSFT,2020-04,2,2,2,,,,,7,6,12.1,0,0,0,61,0,0,2
789570,MGM,2020-04,1,1,1,,,,,0,0,8.8,1,1,1,0,0,1,0
815097,CCL,2020-04,2,1,2,,,,,0,0,11.6,1,0,0,25,0,2,0
886982,GS,2020-04,1,1,1,,,,,1,1,10.0,6,0,0,47,0,0,1
1018724,AMZN,2020-04,3,2,3,,,,,9,4,10.5,20,0,0,59,0,2,1
1039280,NTWK,2020-04,1,1,1,,,,,4,4,12.8,3,0,1,0,0,0,1
1053092,GLDI,2020-04,1,1,1,,,,,27,27,14.7,5,0,0,45,0,0,1
1065280,NFLX,2020-04,1,1,1,,,,,7,7,13.1,1,0,0,24,0,0,1
1067983,BRK-B,2020-04,6,4,6,,,,,26,19,10.0,22,0,0,59,0,0,6
1318605,TSLA,2020-04,2,1,2,,,,,0,0,20.2,5,0,0,43,0,1,1
1326801,META,2020-04,1,1,1,,,,,1,1,0.0,0,0,0,32,0,0,1
1394056,OSS,2020-04,1,1,1,,,,,1,1,1.8,16,0,1,0,1,0,0
1477449,TDOC,2020-04,1,1,1,,,,,4,4,10.5,4,0,1,0,0,1,0
1577670,LADR,2020-04,1,1,1,,,,,2,2,4.5,1,0,1,0,0,0,1
1585521,ZM,2020-04,2,2,2,,,,,4,4,10.1,6,1,1,0,0,2,0
1650664,EDIT,2020-04,1,1,1,,,,,1,1,1.8,16,0,1,0,0,1,0
1652044,GOOGL,2020-04,3,1,3,,,,,6,2,22.4,5,0,0,62,0,0,3
1706946,SPCE,2020-04,2,1,2,,,,,0,0,13.1,1,0,1,0,0,1,1
1744489,DIS,2020-04,2,1,2,,,,,6,3,14.8,4,0,0,17,0,0,2
15615,MTZ,2020-05,1,1,1,,,,,5,5,,4,0,1,0,0,1,0
21344,KO,2020-05,5,3,5,,,,,16,10,,11,2,0,52,1,0,4
27419,TGT,2020-05,4,2,4,,,,,32,10,,8,0,0,62,0,0,4
37996,F,2020-05,1,1,1,,,,,0,0,,2,1,1,0,1,0,0
45012,HAL,2020-05,1,0,1,,,,,1,1,,0,1,1,0,0,0,1
80424,PG,2020-05,3,1,3,,,,,12,4,,3,0,1,0,0,0,3
87347,SLB,2020-05,1,0,1,,,,,0,0,,2,1,1,0,0,1,0
100517,UAL,2020-05,1,1,1,,,,,4,4,,2,0,1,0,0,0,1
101829,RTX,2020-05,1,1,1,,,,,9,9,,4,0,1,0,0,1,0
316709,SCHW,2020-05,1,0,1,,,,,5,5,,6,0,0,19,0,0,1
717720,VALU,2020-05,3,1,3,,,,,15,5,,12,0,0,23,0,0,3
789019,MSFT,2020-05,4,2,4,,,,,16,5,,21,0,0,62,0,1,3
886982,GS,2020-05,3,2,3,,,,,35,24,,18,1,0,48,0,0,3
912728,FWRD,2020-05,1,1,1,,,,,10,10,,3,0,1,0,0,1,0
938323,PSO,2020-05,1,1,1,,,,,9,9,,6,0,1,0,0,1,0
1018724,AMZN,2020-05,3,2,3,,,,,16,10,,9,0,0,60,0,0,3
1020569,IRM,2020-05,1,0,1,,,,,0,0,,2,1,1,0,1,0,0
1045450,EPR,2020-05,1,1,1,,,,,5,5,,4,0,1,0,0,1,0
1067983,BRK-B,2020-05,15,9,15,,,,,317,64,,90,1,0,60,0,0,15
1108524,CRM,2020-05,3,1,3,,,,,9,3,,6,0,1,0,0,0,3
1111928,IPGP,2020-05,1,1,1,,,,,5,5,,4,0,1,0,0,1,0
1113169,TROW,2020-05,1,1,1,,,,,5,5,,4,0,1,0,0,1,0
1127248,EMA,2020-05,2,1,2,,,,,12,6,,4,0,1,0,0,1,1
1289419,MORN,2020-05,1,0,1,,,,,5,5,,6,0,0,51,0,0,1
1326380,GME,2020-05,1,0,1,,,,,6,6,,2,1,0,6,0,1,0
1326801,META,2020-05,1,1,1,,,,,0,0,,0,1,0,33,0,0,1
1341439,ORCL,2020-05,2,2,2,,,,,9,6,,6,0,0,62,0,0,2
1420798,RBGLY,2020-05,1,1,1,,,,,4,4,,3,0,1,0,0,0,1
1527762,CD,2020-05,1,1,1,,,,,11,11,,6,1,1,0,0,1,0
1538716,OPRT,2020-05,1,0,1,,,,,10,10,,14,0,1,0,0,1,0
1570585,LBTYK,2020-05,1,1,1,,,,,5,5,,4,0,0,18,0,1,0
1594805,SHOP,2020-05,1,1,1,,,,,3,3,,6,0,1,0,0,0,1
1639825,PTON,2020-05,1,1,1,,,,,2,2,,6,0,0,8,0,0,1
1659494,COE,2020-05,2,1,2,,,,,2,1,,0,0,1,0,0,2,0
1666175,FTS,2020-05,2,1,2,,,,,12,6,,4,0,1,0,0,1,1
1674416,CRSP,2020-05,1,1,1,,,,,5,5,,0,0,1,0,0,1,0
1744489,DIS,2020-05,1,1,1,,,,,17,17,,0,0,0,18,0,0,1
1744676,TME,2020-05,1,1,1,,,,,3,3,,6,0,0,32,0,0,1
1746618,RVLV,2020-05,1,1,1,,,,,10,10,,3,0,1,0,1,0,0
1768666,BSTZ,2020-05,1,1,1,,,,,4,4,,13,0,0,15,0,0,1
1883685,DKNG,2020-05,2,1,2,,,,,0,0,,1,2,1,0,0,1,1
2115436,XOM,2020-05,1,1,1,,,,,6,6,,0,0,0,63,0,0,1
32621,MSN,2020-06,1,1,1,,,,,1,1,,9,0,1,0,0,1,0
47217,HPQ,2020-06,2,1,2,,,,,2,1,,0,0,1,0,0,2,0
200406,JNJ,2020-06,1,1,1,,,,,7,7,,0,0,1,0,0,1,0
320193,AAPL,2020-06,1,1,1,,,,,7,7,,0,0,0,63,0,1,0
717720,VALU,2020-06,1,1,1,,,,,7,7,,0,0,0,24,0,0,1
732712,VZ,2020-06,3,1,3,,,,,3,1,,1,0,0,86,0,0,3
789019,MSFT,2020-06,1,1,1,,,,,7,7,,0,0,0,63,0,1,0
814547,FICO,2020-06,1,1,1,,,,,43,43,,5,0,1,0,0,0,1
835011,MGPI,2020-06,3,1,3,,,,,3,1,,0,0,1,0,2,0,1
851968,MHK,2020-06,1,1,1,,,,,2,2,,3,0,1,0,0,1,0
897421,NPV,2020-06,2,1,2,,,,,4,2,,3,0,0,3,0,2,0
908937,SIRI,2020-06,1,1,1,,,,,43,43,,5,0,1,0,0,0,1
909832,COST,2020-06,1,1,1,,,,,6,6,,0,0,0,48,0,0,1
914208,IVZ,2020-06,2,0,2,,,,,8,4,,2,2,1,0,0,1,1
925528,HDSN,2020-06,1,1,1,,,,,2,2,,1,0,1,0,0,1,0
1002047,NTAP,2020-06,6,1,6,,,,,24,4,,11,0,1,0,3,1,2
1013237,FDS,2020-06,1,1,1,,,,,6,6,,4,0,1,0,0,0,1
1018724,AMZN,2020-06,1,1,1,,,,,1,1,,6,0,0,61,0,0,1
1065280,NFLX,2020-06,1,1,1,,,,,43,43,,5,0,0,26,0,0,1
1067983,BRK-B,2020-06,6,4,6,,,,,43,18,,42,1,0,61,0,0,6
1262823,WLK,2020-06,2,1,2,,,,,8,4,,3,0,1,0,0,0,2
1289419,MORN,2020-06,3,2,3,,,,,15,7,,9,0,0,52,0,0,3
1318605,TSLA,2020-06,3,2,3,,,,,5,2,,6,0,0,45,0,2,1
1326380,GME,2020-06,1,1,1,,,,,7,7,,0,0,0,7,0,0,1
1373715,NOW,2020-06,1,1,1,,,,,9,9,,10,0,1,0,0,0,1
1397187,LULU,2020-06,1,1,1,,,,,43,43,,5,0,1,0,0,0,1
1410636,AWK,2020-06,1,1,1,,,,,43,43,,5,0,1,0,0,0,1
1419951,DTST,2020-06,1,1,1,,,,,4,4,,11,0,1,0,0,0,1
1441816,MDB,2020-06,1,1,1,,,,,9,9,,10,0,1,0,0,0,1
1447669,TWLO,2020-06,1,1,1,,,,,9,9,,10,0,1,0,0,0,1
1467858,GM,2020-06,4,1,4,,,,,24,6,,5,0,1,0,0,3,1
1501585,HII,2020-06,2,1,2,,,,,28,14,,0,0,1,0,0,1,1
1565228,VISL,2020-06,6,1,6,,,,,6,1,,0,6,1,0,0,6,0
1604665,WLKP,2020-06,2,1,2,,,,,8,4,,3,0,1,0,0,0,2
1650664,EDIT,2020-06,1,1,1,,,,,8,8,,42,0,0,2,0,1,0
1883685,DKNG,2020-06,31,1,31,,,,,62,2,,0,0,0,1,0,30,1
12927,BA,2020-07,4,1,4,,,,,56,14,,1,0,0,36,0,0,4
21344,KO,2020-07,1,1,1,,,,,3,3,,9,0,0,54,0,0,1
27419,TGT,2020-07,5,3,5,,,,,65,26,,34,0,0,64,0,0,5
63908,MCD,2020-07,1,1,1,,,,,3,3,,9,0,0,30,0,0,1
78003,PFE,2020-07,3,1,3,,,,,9,3,,1,0,0,46,0,1,2
320193,AAPL,2020-07,1,1,1,,,,,13,13,,16,0,0,64,0,1,0
717605,HXL,2020-07,10,1,10,,,,,140,14,,1,0,1,0,0,2,8
732717,T,2020-07,1,1,1,,,,,13,13,,18,0,0,20,0,1,0
764180,MO,2020-07,2,1,2,,,,,46,23,,2,0,0,6,0,1,1
789019,MSFT,2020-07,1,0,1,,,,,1,1,,10,1,0,64,0,1,0
793952,HOG,2020-07,3,1,3,,,,,3,1,,9,0,1,0,0,1,2
804328,QCOM,2020-07,2,1,2,,,,,6,3,,1,0,0,43,0,0,2
812011,MTN,2020-07,2,1,2,,,,,24,12,,10,0,1,0,0,1,1
885462,GURE,2020-07,1,1,1,,,,,3,3,,2,0,0,39,0,0,1
1018724,AMZN,2020-07,16,5,16,,,,,126,18,,41,3,0,62,0,3,13
1065280,NFLX,2020-07,2,2,2,,,,,2,2,,2,1,0,27,0,0,2
1067983,BRK-B,2020-07,6,2,6,,,,,104,21,,20,2,0,62,0,1,5
1096343,MKL,2020-07,4,1,4,,,,,28,7,,6,0,0,64,0,3,1
1108524,CRM,2020-07,2,1,2,,,,,18,9,,7,0,0,2,0,1,1
1110646,NTES,2020-07,2,1,2,,,,,10,5,,5,0,1,0,0,1,1
1434601,TMGI,2020-07,1,1,1,,,,,1,1,,0,1,1,0,0,1,0
1447669,TWLO,2020-07,4,1,4,,,,,27,9,,9,0,0,1,0,0,4
1467373,ACN,2020-07,1,1,1,,,,,9,9,,3,0,1,0,0,0,1
1473490,GLAI,2020-07,1,1,1,,,,,9,9,,3,0,1,0,0,0,1
1477449,TDOC,2020-07,2,1,2,,,,,18,9,,7,0,0,3,0,1,1
1498148,AITX,2020-07,1,1,1,,,,,1,1,,0,1,1,0,0,1,0
1560385,FWONA,2020-07,1,1,1,,,,,13,13,,12,0,1,0,0,0,1
1639825,PTON,2020-07,1,1,1,,,,,9,9,,7,0,0,10,0,1,0
1650664,EDIT,2020-07,2,2,2,,,,,70,57,,71,0,0,3,0,2,0
1652044,GOOGL,2020-07,5,2,5,,,,,23,13,,35,1,0,65,0,2,3
1679268,TUSK,2020-07,1,1,1,,,,,2,2,,3,0,1,0,0,0,1
1679817,OZSC,2020-07,1,1,1,,,,,1,1,,0,1,1,0,0,1,0
1739940,CI,2020-07,1,1,1,,,,,9,9,,7,0,1,0,0,1,0
1744489,DIS,2020-07,23,2,23,,,,,1225,57,,68,0,0,20,0,0,23
1770450,XRX,2020-07,1,1,1,,,,,19,19,,18,0,1,0,0,1,0
1823466,NOTE,2020-07,1,1,1,,,,,14,14,,1,0,1,0,0,1,0
2007855,VG,2020-07,1,1,1,,,,,9,9,,7,0,1,0,0,1,0
34903,FRT,2020-08,1,0,1,,,,,0,0,,2,1,1,0,0,1,0
40545,GE,2020-08,1,1,1,,,,,3,3,,1,0,0,16,0,0,1
50863,INTC,2020-08,2,2,2,,,,,12,11,,13,0,0,88,0,0,2
320193,AAPL,2020-08,7,5,7,,,,,97,37,,65,1,0,65,0,1,6
354950,HD,2020-08,1,1,1,,,,,24,24,,14,0,1,0,0,0,1
355948,RELL,2020-08,2,1,2,,,,,0,0,,5,0,1,0,0,1,1
731012,HCSG,2020-08,1,1,1,,,,,4,4,,0,0,0,4,0,0,1
756894,B,2020-08,1,1,1,,,,,1,1,,15,0,0,51,0,0,1
764180,MO,2020-08,3,1,3,,,,,39,13,,2,0,0,7,0,1,2
862831,FISI,2020-08,2,1,2,,,,,24,12,,14,0,1,0,0,0,2
914208,IVZ,2020-08,1,1,1,,,,,0,0,,6,0,0,2,0,0,1
921738,PENN,2020-08,1,1,1,,,,,63,63,,9,0,1,0,0,1,0
1013871,NRG,2020-08,2,0,2,,,,,24,12,,9,2,1,0,0,2,0
1018724,AMZN,2020-08,3,3,3,,,,,17,10,,20,0,0,63,0,0,3
1041859,PLCE,2020-08,2,1,2,,,,,4,2,,3,0,1,0,0,2,0
1045810,NVDA,2020-08,1,1,1,,,,,1,1,,0,0,0,50,0,0,1
1065280,NFLX,2020-08,1,1,1,,,,,37,37,,26,0,0,28,0,0,1
1067983,BRK-B,2020-08,2,1,2,,,,,2,1,,15,0,0,63,0,0,2
1308027,VYST,2020-08,1,1,1,,,,,1,1,,0,1,1,0,0,1,0
1318605,TSLA,2020-08,11,4,11,,,,,340,63,,82,4,0,47,0,2,9
1434601,TMGI,2020-08,1,1,1,,,,,1,1,,0,1,0,1,0,1,0
1437071,IVR,2020-08,4,1,4,,,,,0,0,,6,0,1,0,0,4,0
1498148,AITX,2020-08,1,1,1,,,,,1,1,,0,1,0,1,0,1,0
1591588,GOLD,2020-08,1,1,1,,,,,1,1,,15,0,1,0,0,1,0
1633917,PYPL,2020-08,1,0,1,,,,,0,0,,2,1,0,49,0,0,1
1639920,SPOT,2020-08,1,1,1,,,,,37,37,,26,0,1,0,0,1,0
1652044,GOOGL,2020-08,3,2,3,,,,,70,44,,36,1,0,66,0,0,3
1679817,OZSC,2020-08,1,1,1,,,,,1,1,,0,1,0,1,0,1,0
1690511,GOOS,2020-08,2,1,2,,,,,16,8,,3,0,1,0,1,1,0
1725033,XYF,2020-08,1,1,1,,,,,3,3,,9,0,1,0,0,1,0
1810806,U,2020-08,1,1,1,,,,,25,25,,1,0,1,0,0,0,1
1856725,RANI,2020-08,1,1,1,,,,,1,1,,0,0,1,0,0,1,0
2058707,ATTO,2020-08,1,1,1,,,,,8,8,,5,0,1,0,0,1,0
4962,AXP,2020-09,1,1,1,,,,,5,5,,6,0,0,66,0,1,0
5513,UNM,2020-09,1,1,1,,,,,3,3,,18,0,1,0,1,0,0
12927,BA,2020-09,1,0,1,,,,,8,8,,6,1,0,38,0,0,1
19617,JPM,2020-09,5,1,5,,,,,160,32,,29,0,0,23,0,3,2
27419,TGT,2020-09,1,1,1,,,,,1,1,,0,0,0,66,0,0,1
40545,GE,2020-09,1,1,1,,,,,2,2,,15,0,0,17,0,0,1
50863,INTC,2020-09,6,2,6,,,,,34,24,,17,0,0,89,0,2,4
51143,IBM,2020-09,1,1,1,,,,,5,5,,4,0,1,0,0,1,0
56873,KR,2020-09,1,1,1,,,,,40,40,,20,0,1,0,0,1,0
70858,BAC,2020-09,4,1,4,,,,,84,21,,28,0,0,6,0,4,0
72971,WFC,2020-09,1,1,1,,,,,2,2,,15,0,1,0,0,1,0
78003,PFE,2020-09,1,1,1,,,,,2,2,,15,0,0,48,0,1,0
104169,WMT,2020-09,1,1,1,,,,,40,40,,20,0,0,52,0,0,1
320193,AAPL,2020-09,3,2,3,,,,,14,6,,9,1,0,66,0,0,3
354950,HD,2020-09,1,1,1,,,,,4,4,,8,0,0,1,0,0,1
712537,FCF,2020-09,1,1,1,,,,,21,21,,28,0,0,67,0,1,0
756894,B,2020-09,2,1,2,,,,,2,1,,7,0,0,52,0,0,2
789019,MSFT,2020-09,1,1,1,,,,,9,9,,0,0,0,66,0,1,0
789570,MGM,2020-09,2,1,2,,,,,4,2,,15,0,0,5,0,2,0
815097,CCL,2020-09,1,1,1,,,,,2,2,,15,0,0,30,0,1,0
821002,GIII,2020-09,2,1,2,,,,,4,2,,15,0,1,0,0,2,0
829224,SBUX,2020-09,2,2,2,,,,,6,4,,18,0,0,49,0,0,2
875045,BIIB,2020-09,3,1,3,,,,,9,3,,5,0,1,0,0,0,3
876437,MTG,2020-09,2,1,2,,,,,24,12,,17,0,1,0,0,1,1
896878,INTU,2020-09,1,1,1,,,,,9,9,,0,0,1,0,0,1,0
906553,BYD,2020-09,2,1,2,,,,,8,4,,3,0,1,0,0,2,0
910521,DECK,2020-09,1,1,1,,,,,4,4,,8,0,1,0,0,0,1
924822,MLR,2020-09,1,1,1,,,,,2,2,,15,0,1,0,0,1,0
1045450,EPR,2020-09,1,1,1,,,,,2,2,,15,0,0,4,0,1,0
1046568,PRDO,2020-09,1,1,1,,,,,12,12,,17,0,1,0,0,0,1
1065521,SFTBF,2020-09,1,1,1,,,,,53,53,,10,0,0,9,0,0,1
1067983,BRK-B,2020-09,8,5,8,,,,,36,11,,31,0,0,64,0,0,8
1123452,ASR,2020-09,1,1,1,,,,,2,2,,15,0,1,0,0,1,0
1145255,HNNA,2020-09,1,1,1,,,,,2,2,,15,0,0,10,0,1,0
1158780,PLUR,2020-09,1,1,1,,,,,1,1,,0,0,1,0,0,1,0
1160106,LYG,2020-09,3,1,3,,,,,18,6,,3,0,0,22,0,2,1
1289419,MORN,2020-09,1,1,1,,,,,7,7,,3,0,0,55,0,0,1
1303523,BTI,2020-09,1,1,1,,,,,2,2,,15,0,1,0,0,1,0
1318008,ZUMZ,2020-09,1,1,1,,,,,4,4,,8,0,1,0,0,0,1
1318605,TSLA,2020-09,3,2,3,,,,,11,6,,4,1,0,48,0,0,3
1326801,META,2020-09,2,2,2,,,,,35,33,,106,0,0,37,0,0,2
1347178,VNDA,2020-09,2,1,2,,,,,24,12,,17,0,1,0,0,1,1
1347426,BMA,2020-09,1,1,1,,,,,2,2,,15,0,1,0,0,1,0
1369241,DAC,2020-09,1,1,1,,,,,12,12,,17,0,1,0,0,0,1
1370946,OC,2020-09,1,1,1,,,,,0,0,,1,1,1,0,0,1,0
1378239,OMAB,2020-09,1,1,1,,,,,2,2,,15,0,1,0,0,1,0
1514705,SXC,2020-09,2,1,2,,,,,24,12,,17,0,1,0,0,1,1
1541401,ESRT,2020-09,1,1,1,,,,,2,2,,15,0,1,0,0,1,0
1592386,VIRT,2020-09,1,1,1,,,,,0,0,,4,0,1,0,0,1,0
1596993,LPG,2020-09,3,1,3,,,,,36,12,,17,0,1,0,0,1,2
1646972,ACI,2020-09,2,1,2,,,,,16,8,,13,0,1,0,0,0,2
1652044,GOOGL,2020-09,3,3,3,,,,,20,9,,4,0,0,67,0,1,2
1668717,BUD,2020-09,2,2,2,,,,,6,4,,23,0,1,0,0,2,0
1683541,ACB,2020-09,2,1,2,,,,,56,28,,9,0,1,0,0,1,1
1725964,NTR,2020-09,2,1,2,,,,,4,2,,15,0,1,0,0,1,1
1744489,DIS,2020-09,1,1,1,,,,,4,4,,8,0,0,22,0,0,1
1745916,PFSI,2020-09,1,1,1,,,,,0,0,,4,0,1,0,0,1,0
1770450,XRX,2020-09,1,1,1,,,,,2,2,,15,0,0,2,0,1,0
1842726,LSEGY,2020-09,1,1,1,,,,,12,12,,17,0,0,22,0,0,1
1848782,PLCKF,2020-09,2,1,2,,,,,2,1,,0,0,1,0,0,0,2
2036042,SION,2020-09,1,1,1,,,,,1,1,,2,0,1,0,0,0,1
2076616,TDWD,2020-09,1,1,1,,,,,1,1,,6,0,1,0,0,0,1
2115436,XOM,2020-09,1,1,1,,,,,22,22,,19,0,0,67,0,1,0
19617,JPM,2020-10,1,1,1,,,,,21,21,,4,0,0,24,0,1,0
21344,KO,2020-10,2,1,2,,,,,4,2,,4,0,0,57,0,0,2
27419,TGT,2020-10,2,2,2,,,,,54,32,,32,0,0,67,0,0,2
29332,DXYN,2020-10,1,0,1,,,,,1,1,,0,1,1,0,0,1,0
33002,EBF,2020-10,1,1,1,,,,,3,3,,2,0,1,0,0,1,0
70858,BAC,2020-10,1,1,1,,,,,21,21,,4,0,0,7,0,1,0
72971,WFC,2020-10,1,1,1,,,,,21,21,,4,0,0,1,0,1,0
78814,PBI,2020-10,2,1,2,,,,,20,10,,6,0,1,0,0,1,1
91419,SJM,2020-10,1,1,1,,,,,6,6,,14,0,1,0,1,0,0
311337,SU,2020-10,1,1,1,,,,,7,7,,10,0,1,0,0,0,1
312069,BCS,2020-10,1,1,1,,,,,2,2,,3,0,0,15,1,0,0
320193,AAPL,2020-10,1,1,1,,,,,0,0,,0,1,0,67,0,0,1
713676,PNC,2020-10,1,1,1,,,,,10,10,,10,0,1,0,1,0,0
822416,PHM,2020-10,1,1,1,,,,,0,0,,2,0,1,0,0,1,0
906553,BYD,2020-10,3,1,3,,,,,9,3,,2,0,0,1,0,3,0
908732,SPTJF,2020-10,1,1,1,,,,,22,22,,11,0,1,0,0,0,1
912242,MAC,2020-10,2,1,2,,,,,0,0,,9,0,1,0,0,1,1
937098,TNET,2020-10,1,1,1,,,,,12,12,,11,0,1,0,0,0,1
1045810,NVDA,2020-10,1,1,1,,,,,0,0,,1,1,0,52,0,0,1
1046568,PRDO,2020-10,9,1,9,,,,,45,6,,15,0,0,1,1,4,4
1065280,NFLX,2020-10,2,1,2,,,,,49,38,,5,0,0,30,0,0,2
1067983,BRK-B,2020-10,5,3,5,,,,,66,30,,26,1,0,65,0,0,5
1119639,PBR,2020-10,1,1,1,,,,,2,2,,9,0,1,0,0,0,1
1278680,IAU,2020-10,1,1,1,,,,,22,22,,26,0,0,34,0,0,1
1278752,MFIC,2020-10,1,1,1,,,,,22,22,,26,0,1,0,0,0,1
1289419,MORN,2020-10,1,0,1,,,,,9,9,,2,1,0,56,0,0,1
1318605,TSLA,2020-10,1,1,1,,,,,0,0,,1,1,0,49,0,0,1
1321655,PLTR,2020-10,5,2,5,,,,,67,21,,36,1,1,0,0,1,4
1326380,GME,2020-10,1,1,1,,,,,1,1,,1,0,0,11,0,0,1
1327811,WDAY,2020-10,1,1,1,,,,,12,12,,11,0,1,0,0,0,1
1328919,GASS,2020-10,5,1,5,,,,,10,2,,15,0,1,0,0,2,3
1385280,CNK,2020-10,9,1,9,,,,,66,18,,29,0,1,0,0,7,2
1403568,ULTA,2020-10,3,0,3,,,,,75,25,,23,0,1,0,2,1,0
1445162,BYDDF,2020-10,1,1,1,,,,,3,3,,2,0,1,0,0,1,0
1477449,TDOC,2020-10,1,1,1,,,,,1,1,,2,0,0,6,0,0,1
1514991,AMCX,2020-10,1,1,1,,,,,8,8,,18,0,1,0,0,1,0
1515317,MAGE,2020-10,1,0,1,,,,,9,9,,2,1,1,0,0,0,1
1527166,CG,2020-10,1,1,1,,,,,1,1,,1,0,1,0,0,1,0
1577552,BABA,2020-10,1,1,1,,,,,22,22,,11,0,0,37,0,0,1
1592386,VIRT,2020-10,2,1,2,,,,,2,1,,6,0,0,1,1,1,0
1650664,EDIT,2020-10,1,1,1,,,,,8,8,,14,0,0,6,0,1,0
1652044,GOOGL,2020-10,2,1,2,,,,,27,19,,33,0,0,68,0,0,2
1744676,TME,2020-10,2,2,2,,,,,23,22,,12,0,0,37,0,0,2
1783879,HOOD,2020-10,3,0,3,,,,,0,0,,5,3,0,13,0,0,3
1808997,AOUT,2020-10,3,1,3,,,,,6,2,,14,0,1,0,0,1,2
1833141,HELP,2020-10,1,1,1,,,,,10,10,,23,0,1,0,0,1,0
1985139,LSE,2020-10,1,1,1,,,,,1,1,,0,0,0,23,0,1,0
10456,BAX,2020-11,1,1,1,,,,,5,5,,1,0,1,0,0,0,1
20286,CINF,2020-11,2,1,2,,,,,2,1,,7,0,1,0,0,1,1
24545,TAP,2020-11,4,1,4,,,,,16,4,,10,0,1,0,0,3,1
27419,TGT,2020-11,4,1,4,,,,,28,7,,12,0,0,68,0,0,4
33002,EBF,2020-11,1,1,1,,,,,1,1,,7,0,0,1,0,1,0
50863,INTC,2020-11,3,2,3,,,,,28,22,,33,0,0,91,0,1,2
56873,KR,2020-11,1,1,1,,,,,2,2,,1,0,0,2,0,1,0
65984,ETR,2020-11,2,1,2,,,,,2,1,,7,0,1,0,0,2,0
104169,WMT,2020-11,2,1,2,,,,,14,7,,1,0,0,54,0,1,1
200406,JNJ,2020-11,1,1,1,,,,,8,8,,1,0,0,5,0,1,0
217410,UL,2020-11,1,1,1,,,,,5,5,,1,0,0,7,0,0,1
316709,SCHW,2020-11,1,1,1,,,,,10,10,,16,0,0,25,0,0,1
320193,AAPL,2020-11,1,1,1,,,,,22,22,,32,0,0,68,0,0,1
723125,MU,2020-11,1,1,1,,,,,18,18,,8,0,0,31,0,0,1
764180,MO,2020-11,4,1,4,,,,,56,14,,2,0,0,10,0,1,3
789019,MSFT,2020-11,4,1,4,,,,,29,12,,6,0,0,68,0,0,4
789570,MGM,2020-11,1,0,1,,,,,0,0,,12,1,0,7,0,1,0
789933,NC,2020-11,1,1,1,,,,,1,1,,9,0,1,0,0,0,1
793733,SKYW,2020-11,1,1,1,,,,,1,1,,7,0,1,0,0,0,1
815097,CCL,2020-11,3,1,3,,,,,6,2,,12,0,0,32,0,3,0
822416,PHM,2020-11,1,1,1,,,,,2,2,,1,0,0,1,0,1,0
858877,CSCO,2020-11,1,1,1,,,,,5,5,,1,0,0,25,0,0,1
862831,FISI,2020-11,2,1,2,,,,,4,2,,5,0,0,3,0,0,2
876437,MTG,2020-11,2,1,2,,,,,2,1,,7,0,0,2,0,1,1
882095,GILD,2020-11,3,1,3,,,,,15,5,,6,0,0,48,0,2,1
899051,ALL,2020-11,1,1,1,,,,,1,1,,7,0,1,0,0,0,1
1000694,NVAX,2020-11,1,0,1,,,,,16,16,,0,1,1,0,1,0,0
1018724,AMZN,2020-11,1,1,1,,,,,0,0,,3,1,0,66,0,0,1
1046568,PRDO,2020-11,2,1,2,,,,,2,1,,7,0,0,2,0,1,1
1063761,SPG,2020-11,1,0,1,,,,,3,3,,11,1,1,0,0,0,1
1067983,BRK-B,2020-11,8,2,8,,,,,192,35,,22,0,0,66,0,0,8
1108524,CRM,2020-11,1,1,1,,,,,1,1,,4,0,0,6,0,0,1
1160106,LYG,2020-11,1,0,1,,,,,24,24,,5,1,0,24,0,0,1
1163165,COP,2020-11,1,1,1,,,,,5,5,,1,0,1,0,0,0,1
1278680,IAU,2020-11,1,1,1,,,,,0,0,,13,0,0,35,0,0,1
1289419,MORN,2020-11,1,1,1,,,,,4,4,,3,0,0,57,0,0,1
1318605,TSLA,2020-11,1,1,1,,,,,11,11,,14,0,0,50,0,0,1
1329099,BIDU,2020-11,1,1,1,,,,,5,5,,1,0,0,55,0,0,1
1347178,VNDA,2020-11,2,1,2,,,,,2,1,,7,0,0,2,0,1,1
1429764,BLNK,2020-11,1,1,1,,,,,11,11,,14,0,1,0,0,1,0
1465128,STWD,2020-11,1,1,1,,,,,2,2,,1,0,0,20,0,1,0
1514705,SXC,2020-11,2,1,2,,,,,2,1,,7,0,0,2,0,1,1
1524684,GLCNF,2020-11,2,1,2,,,,,32,16,,8,0,1,0,0,0,2
1577552,BABA,2020-11,4,1,4,,,,,64,16,,28,0,0,38,0,2,2
1580864,VRM,2020-11,1,1,1,,,,,10,10,,9,0,1,0,0,0,1
1596993,LPG,2020-11,2,1,2,,,,,2,1,,7,0,0,2,0,1,1
1609065,PBHC,2020-11,2,1,2,,,,,2,1,,7,0,1,0,0,1,1
1628063,SRG,2020-11,1,1,1,,,,,18,18,,8,0,1,0,0,0,1
1652044,GOOGL,2020-11,2,1,2,,,,,27,22,,4,1,0,69,0,0,2
1666700,DD,2020-11,1,0,1,,,,,0,0,,0,1,1,0,0,0,1
1668717,BUD,2020-11,1,0,1,,,,,26,26,,1,1,0,2,0,0,1
1768666,BSTZ,2020-11,1,1,1,,,,,1,1,,9,0,0,21,0,0,1
1819810,RDW,2020-11,1,1,1,,,,,14,14,,5,0,1,0,0,1,0
1842726,LSEGY,2020-11,2,1,2,,,,,6,3,,12,0,0,24,0,0,2
1959455,HSHP,2020-11,1,1,1,,,,,23,23,,5,0,1,0,0,0,1
1985139,LSE,2020-11,1,1,1,,,,,3,3,,12,0,0,24,0,1,0
5272,AIG,2020-12,3,1,3,,,,,6,2,,2,0,0,22,0,3,0
12927,BA,2020-12,1,1,1,,,,,4,4,,1,0,0,41,0,0,1
14272,BMY,2020-12,1,1,1,,,,,26,26,,73,0,1,0,0,1,0
16918,STZ,2020-12,1,1,1,,,,,26,26,,73,0,1,0,0,1,0
18255,CATO,2020-12,2,1,2,,,,,8,4,,13,0,1,0,0,2,0
18926,LUMN,2020-12,2,1,2,,,,,46,23,,26,0,1,0,0,1,1
21344,KO,2020-12,1,1,1,,,,,1,1,,9,0,0,59,1,0,0
27419,TGT,2020-12,4,2,4,,,,,0,0,,4,1,0,69,0,0,4
40533,GD,2020-12,1,1,1,,,,,0,0,,7,0,1,0,0,0,1
45012,HAL,2020-12,1,1,1,,,,,26,26,,73,0,0,7,0,1,0
50863,INTC,2020-12,6,1,6,,,,,78,13,,8,0,0,92,0,1,5
51143,IBM,2020-12,1,1,1,,,,,26,26,,73,0,0,3,0,1,0
59255,VHI,2020-12,2,1,2,,,,,128,64,,23,0,1,0,0,2,0
60667,LOW,2020-12,1,1,1,,,,,26,26,,73,0,1,0,0,1,0
63908,MCD,2020-12,1,1,1,,,,,26,26,,73,0,0,35,0,1,0
71691,NYT,2020-12,2,1,2,,,,,64,32,,16,0,0,57,0,0,2
72162,NL,2020-12,1,1,1,,,,,64,64,,23,0,1,0,0,1,0
72971,WFC,2020-12,1,1,1,,,,,5,5,,24,0,0,3,0,1,0
78003,PFE,2020-12,1,0,1,,,,,1,1,,3,1,0,51,0,0,1
200406,JNJ,2020-12,1,1,1,,,,,26,26,,73,0,0,6,0,1,0
315189,DE,2020-12,1,1,1,,,,,5,5,,2,0,1,0,0,1,0
318154,AMGN,2020-12,3,1,3,,,,,12,4,,0,0,1,0,0,0,3
320193,AAPL,2020-12,9,3,9,,,,,30,26,,98,0,0,69,0,1,8
350852,CTBI,2020-12,1,1,1,,,,,5,5,,24,0,1,0,0,1,0
708955,FFBC,2020-12,1,1,1,,,,,5,5,,24,0,1,0,0,1,0
712515,EA,2020-12,4,1,4,,,,,4,1,,9,0,1,0,3,0,1
731766,UNH,2020-12,1,1,1,,,,,26,26,,73,0,1,0,0,1,0
732712,VZ,2020-12,1,1,1,,,,,26,26,,73,0,0,92,0,1,0
751364,NNN,2020-12,1,1,1,,,,,2,2,,7,0,1,0,0,1,0
753308,NEE,2020-12,1,1,1,,,,,26,26,,73,0,1,0,0,1,0
773840,HON,2020-12,1,1,1,,,,,26,26,,73,0,1,0,0,1,0
789019,MSFT,2020-12,2,2,2,,,,,26,26,,75,0,0,69,0,1,1
796343,ADBE,2020-12,3,1,3,,,,,48,16,,2,0,0,21,0,0,3
797721,VSAT,2020-12,1,1,1,,,,,5,5,,8,0,1,0,0,0,1
804328,QCOM,2020-12,3,2,3,,,,,28,26,,73,0,0,48,0,1,2
823768,WM,2020-12,1,1,1,,,,,11,11,,5,0,1,0,0,0,1
829224,SBUX,2020-12,1,0,1,,,,,7,7,,9,1,0,52,0,1,0
886128,FCEL,2020-12,1,1,1,,,,,26,26,,42,0,1,0,0,1,0
887028,RTNTF,2020-12,3,1,3,,,,,192,64,,23,0,1,0,0,0,3
914208,IVZ,2020-12,1,1,1,,,,,0,0,,21,0,0,6,0,0,1
927653,MCK,2020-12,1,1,1,,,,,26,26,,73,0,1,0,0,1,0
936468,LMT,2020-12,1,1,1,,,,,0,0,,7,0,1,0,0,0,1
1018724,AMZN,2020-12,8,5,8,,,,,66,35,,109,0,0,67,0,2,6
1025378,WPC,2020-12,1,1,1,,,,,2,2,,7,0,1,0,0,1,0
1030997,WILC,2020-12,1,1,1,,,,,1,1,,0,0,0,29,0,1,0
1045810,NVDA,2020-12,1,1,1,,,,,26,26,,73,0,0,54,0,1,0
1049606,CIX,2020-12,2,1,2,,,,,128,64,,23,0,1,0,0,2,0
1061219,EPD,2020-12,1,1,1,,,,,5,5,,24,0,1,0,0,1,0
1063761,SPG,2020-12,1,1,1,,,,,5,5,,24,0,0,1,0,1,0
1065280,NFLX,2020-12,2,1,2,,,,,8,4,,0,0,0,32,1,0,1
1067839,QQQ,2020-12,1,1,1,,,,,0,0,,21,0,1,0,0,1,0
1067983,BRK-B,2020-12,9,5,9,,,,,33,23,,41,1,0,67,0,0,9
1069394,FSI,2020-12,4,1,4,,,,,256,64,,23,0,1,0,0,3,1
1108524,CRM,2020-12,1,1,1,,,,,26,26,,73,0,0,7,0,1,0
1122411,ASX,2020-12,6,1,6,,,,,30,5,,3,0,0,40,0,6,0
1128281,SKAS,2020-12,3,1,3,,,,,9,3,,1,0,1,0,0,2,1
1133421,NOC,2020-12,1,1,1,,,,,0,0,,7,0,1,0,0,0,1
1177394,SNX,2020-12,1,1,1,,,,,3,3,,3,0,1,0,0,1,0
1257640,KRO,2020-12,4,1,4,,,,,256,64,,23,0,1,0,0,3,1
1274494,FSLR,2020-12,1,1,1,,,,,14,14,,30,0,0,41,0,1,0
1318605,TSLA,2020-12,15,7,15,,,,,150,31,,163,2,0,51,0,5,10
1326801,META,2020-12,2,2,2,,,,,12,12,,9,0,0,40,0,0,2
1368265,CLNE,2020-12,1,1,1,,,,,26,26,,42,0,1,0,0,1,0
1370637,ETSY,2020-12,1,1,1,,,,,26,26,,73,0,1,0,0,1,0
1375877,CSIQ,2020-12,1,1,1,,,,,14,14,,30,0,1,0,0,1,0
1381197,IBKR,2020-12,2,1,2,,,,,0,0,,2,2,1,0,0,1,1
1415404,ECHO,2020-12,2,1,2,,,,,10,5,,8,0,1,0,0,0,2
1419612,SEDG,2020-12,1,1,1,,,,,14,14,,30,0,1,0,0,1,0
1463101,ENPH,2020-12,1,1,1,,,,,14,14,,30,0,1,0,0,1,0
1501585,HII,2020-12,1,1,1,,,,,0,0,,7,0,0,6,0,0,1
1534701,PSX,2020-12,1,1,1,,,,,26,26,,42,0,1,0,0,1,0
1547903,NMIH,2020-12,3,1,3,,,,,6,2,,2,0,1,0,0,3,0
1556739,THRY,2020-12,4,1,4,,,,,16,4,,7,0,1,0,0,2,2
1560385,FWONK,2020-12,1,1,1,,,,,9,9,,11,0,0,5,0,1,0
1577552,BABA,2020-12,9,2,9,,,,,105,17,,37,1,0,39,0,2,7
1594805,SHOP,2020-12,1,1,1,,,,,26,26,,73,0,0,7,0,1,0
1618756,QSR,2020-12,1,1,1,,,,,26,26,,73,0,1,0,0,1,0
1652044,GOOGL,2020-12,8,6,8,,,,,73,26,,100,2,0,70,1,1,6
1655210,BYND,2020-12,1,1,1,,,,,26,26,,73,0,1,0,0,1,0
1666700,DD,2020-12,1,1,1,,,,,5,5,,3,0,0,1,0,1,0
1736541,NIO,2020-12,1,1,1,,,,,0,0,,4,0,0,24,0,1,0
1744489,DIS,2020-12,9,2,9,,,,,4,1,,30,0,0,25,1,0,8
1783879,HOOD,2020-12,1,1,1,,,,,0,0,,3,0,0,15,0,0,1
1792789,DASH,2020-12,1,1,1,,,,,1,1,,0,0,1,0,0,0,1
1829959,DCBO,2020-12,2,1,2,,,,,4,2,,0,0,1,0,0,1,1
1838987,SPWR,2020-12,1,1,1,,,,,14,14,,30,0,1,0,0,1,0
1959455,HSHP,2020-12,1,0,1,,,,,4,4,,0,1,0,1,0,0,1
1973832,AU,2020-12,1,1,1,,,,,1,1,,4,0,1,0,0,1,0
1985139,LSE,2020-12,1,1,1,,,,,0,0,,0,0,0,25,0,1,0
2012383,BLK,2020-12,1,1,1,,,,,26,26,,73,0,1,0,0,1,0
2026053,PS,2020-12,5,3,5,,,,,64,28,,36,0,0,29,0,2,3
2070829,CYATY,2020-12,1,1,1,,,,,0,0,,4,0,1,0,0,0,1
2094076,OTAI,2020-12,3,1,3,,,,,15,5,,8,0,1,0,0,0,3
2104391,CATL,2020-12,1,1,1,,,,,0,0,,4,0,1,0,0,1,0
2115436,XOM,2020-12,1,1,1,,,,,5,5,,24,0,0,70,0,1,0
2488,AMD,2021-01,27,1,27,,,,,4509,167,,50,0,1,0,1,26,0
3570,LNG,2021-01,2,1,2,,,,,42,21,,27,0,1,0,0,2,0
4962,AXP,2021-01,1,1,1,,,,,22,22,,3,0,0,70,0,0,1
4977,AFL,2021-01,3,2,3,,,,,99,48,,54,0,1,0,0,1,2
6201,AAL,2021-01,2,1,2,,,,,96,48,,48,0,1,0,0,1,1
8177,AAME,2021-01,2,1,2,,,,,6,3,,4,0,1,0,0,1,1
10456,BAX,2021-01,2,1,2,,,,,96,48,,48,0,0,2,0,1,1
11544,WRB,2021-01,2,1,2,,,,,96,48,,48,0,1,0,0,1,1
12927,BA,2021-01,2,1,2,,,,,96,48,,48,0,0,42,0,1,1
18230,CAT,2021-01,2,1,2,,,,,62,31,,16,0,1,0,0,2,0
18255,CATO,2021-01,1,1,1,,,,,3,3,,4,0,0,1,0,1,0
19617,JPM,2021-01,4,3,4,,,,,3,1,,10,0,0,27,0,2,2
20286,CINF,2021-01,2,1,2,,,,,96,48,,48,0,0,2,0,1,1
21175,CNA,2021-01,2,1,2,,,,,96,48,,48,0,1,0,0,2,0
21665,CL,2021-01,5,1,5,,,,,130,26,,10,0,1,0,0,2,3
27419,TGT,2021-01,15,8,15,,,,,551,167,,84,0,0,70,0,0,15
27904,DAL,2021-01,2,1,2,,,,,96,48,,48,0,1,0,0,1,1
29534,DG,2021-01,3,1,3,,,,,18,6,,12,0,1,0,0,2,1
29989,OMC,2021-01,2,1,2,,,,,96,48,,48,0,1,0,0,1,1
34088,,2021-01,1,1,1,,,,,48,48,,48,0,0,67,0,0,1
40533,GD,2021-01,2,1,2,,,,,96,48,,48,0,0,1,0,1,1
40545,GE,2021-01,1,0,1,,,,,13,13,,0,1,0,21,0,0,1
45012,HAL,2021-01,2,1,2,,,,,96,48,,48,0,0,8,0,1,1
50863,INTC,2021-01,9,3,9,,,,,1006,167,,61,0,0,93,0,1,8
60086,L,2021-01,2,1,2,,,,,96,48,,48,0,1,0,0,1,1
63908,MCD,2021-01,1,1,1,,,,,2,2,,0,0,0,36,1,0,0
64803,CVS,2021-01,4,1,4,,,,,24,6,,12,0,1,0,0,3,1
65984,ETR,2021-01,2,1,2,,,,,96,48,,48,0,0,2,0,1,1
70858,BAC,2021-01,1,1,1,,,,,48,48,,48,0,0,10,0,1,0
72971,WFC,2021-01,1,1,1,,,,,48,48,,48,0,0,4,0,1,0
77476,PEP,2021-01,6,1,6,,,,,6,1,,0,0,0,9,0,0,6
91576,KEY,2021-01,2,1,2,,,,,96,48,,48,0,1,0,0,1,1
92380,LUV,2021-01,2,1,2,,,,,96,48,,48,0,0,25,0,1,1
93410,CVX,2021-01,2,1,2,,,,,96,48,,48,0,0,10,0,1,1
100493,TSN,2021-01,2,1,2,,,,,96,48,,48,0,1,0,0,1,1
100517,UAL,2021-01,2,1,2,,,,,96,48,,48,0,0,8,0,1,1
104169,WMT,2021-01,9,2,9,,,,,38,6,,17,0,0,56,0,4,5
106040,WDC,2021-01,3,2,3,,,,,104,48,,52,0,1,0,0,1,2
200406,JNJ,2021-01,2,1,2,,,,,0,0,,5,0,0,7,0,2,0
310158,MRK,2021-01,1,1,1,,,,,48,48,,48,0,1,0,0,1,0
316709,SCHW,2021-01,4,1,4,,,,,6,6,,17,0,0,27,0,0,4
318154,AMGN,2021-01,1,1,1,,,,,0,0,,5,0,0,1,0,1,0
320193,AAPL,2021-01,10,6,10,,,,,187,43,,96,1,0,70,0,1,9
712537,FCF,2021-01,5,1,5,,,,,30,7,,22,0,0,71,0,5,0
715957,D,2021-01,2,1,2,,,,,96,48,,48,0,1,0,0,1,1
717720,VALU,2021-01,5,1,5,,,,,35,7,,5,0,0,31,0,0,5
723125,MU,2021-01,2,2,2,,,,,21,14,,7,0,0,33,0,0,2
724910,NVEC,2021-01,2,1,2,,,,,20,10,,4,0,1,0,0,2,0
726728,O,2021-01,2,1,2,,,,,96,48,,48,0,1,0,0,1,1
731766,UNH,2021-01,1,1,1,,,,,0,0,,5,0,0,1,0,1,0
731802,ATO,2021-01,2,1,2,,,,,96,48,,48,0,1,0,0,1,1
732712,VZ,2021-01,6,4,6,,,,,27,6,,34,0,0,93,0,4,2
733099,RCI,2021-01,1,1,1,,,,,6,6,,12,0,1,0,0,1,0
740260,VTR,2021-01,2,1,2,,,,,96,48,,48,0,1,0,0,1,1
744825,AMS,2021-01,1,1,1,,,,,3,3,,4,0,1,0,0,1,0
756894,B,2021-01,2,1,2,,,,,10,10,,27,1,0,56,0,0,2
764180,MO,2021-01,2,1,2,,,,,96,48,,48,0,0,12,0,1,1
765880,DOC,2021-01,1,1,1,,,,,48,48,,48,0,1,0,0,0,1
766704,WELL,2021-01,2,1,2,,,,,96,48,,48,0,1,0,0,1,1
769218,AEG,2021-01,2,1,2,,,,,6,3,,4,0,1,0,0,1,1
773840,HON,2021-01,1,1,1,,,,,48,48,,48,0,0,1,1,0,0
789019,MSFT,2021-01,7,4,7,,,,,260,167,,82,2,0,70,1,2,4
789933,NC,2021-01,3,1,3,,,,,6,2,,10,0,0,2,0,1,2
796343,ADBE,2021-01,1,0,1,,,,,1,1,,0,1,0,22,0,0,1
797468,OXY,2021-01,3,2,3,,,,,119,48,,83,0,0,14,0,2,1
798354,FISV,2021-01,2,1,2,,,,,96,48,,48,0,1,0,0,1,1
821189,EOG,2021-01,2,1,2,,,,,96,48,,48,0,1,0,0,2,0
826675,DX,2021-01,2,1,2,,,,,0,0,,2,2,0,41,0,1,1
827052,EIX,2021-01,2,1,2,,,,,96,48,,48,0,1,0,0,1,1
829224,SBUX,2021-01,1,0,1,,,,,2,2,,4,1,0,53,0,1,0
831001,C,2021-01,3,2,3,,,,,97,48,,53,0,0,10,0,2,1
840489,FCFS,2021-01,1,1,1,,,,,7,7,,10,0,1,0,0,0,1
858877,CSCO,2021-01,4,2,4,,,,,21,7,,13,0,0,27,0,2,2
862831,FISI,2021-01,1,1,1,,,,,3,3,,9,0,0,5,0,0,1
882184,DHI,2021-01,1,1,1,,,,,5,5,,5,0,0,45,1,0,0
885590,BHC,2021-01,1,0,1,,,,,0,0,,7,1,1,0,1,0,0
885725,BSX,2021-01,3,1,3,,,,,144,48,,48,0,1,0,0,1,2
886136,SGA,2021-01,3,1,3,,,,,9,3,,4,0,1,0,0,2,1
906107,EQR,2021-01,2,1,2,,,,,96,48,,48,0,1,0,0,1,1
908937,SIRI,2021-01,2,1,2,,,,,96,48,,48,0,0,7,0,1,1
909832,COST,2021-01,7,2,7,,,,,108,17,,28,0,0,55,0,2,5
915912,AVB,2021-01,2,1,2,,,,,96,48,,48,0,1,0,0,1,1
920522,ESS,2021-01,2,1,2,,,,,96,48,,48,0,1,0,0,1,1
936468,LMT,2021-01,5,1,5,,,,,105,48,,51,3,0,1,1,2,2
946581,TTWO,2021-01,1,1,1,,,,,3,3,,4,0,1,0,0,1,0
947484,ACGL,2021-01,2,1,2,,,,,96,48,,48,0,1,0,0,1,1
1001085,BN,2021-01,1,1,1,,,,,20,20,,24,0,0,22,0,0,1
1013605,PDS,2021-01,1,1,1,,,,,39,39,,42,0,1,0,0,1,0
1018724,AMZN,2021-01,16,8,16,,,,,296,167,,115,1,0,68,0,7,9
1031296,FE,2021-01,2,1,2,,,,,96,48,,48,0,1,0,0,1,1
1032208,SRE,2021-01,2,1,2,,,,,96,48,,48,0,1,0,0,1,1
1033767,UMC,2021-01,4,1,4,,,,,14,5,,8,0,1,0,1,3,0
1035002,VLO,2021-01,2,1,2,,,,,96,48,,48,0,1,0,0,1,1
1039684,OKE,2021-01,2,1,2,,,,,96,48,,48,0,1,0,0,1,1
1043219,NLY,2021-01,2,1,2,,,,,96,48,,48,0,0,10,0,1,1
1045810,NVDA,2021-01,1,1,1,,,,,167,167,,50,0,0,55,0,0,1
1046179,TSM,2021-01,1,1,1,,,,,1,1,,0,0,1,0,0,1,0
1047862,ED,2021-01,2,1,2,,,,,96,48,,48,0,1,0,0,1,1
1058290,CTSH,2021-01,1,1,1,,,,,3,3,,6,0,1,0,0,0,1
1063761,SPG,2021-01,12,3,12,,,,,154,48,,60,2,0,2,0,8,4
1065280,NFLX,2021-01,1,1,1,,,,,34,34,,14,0,0,33,0,0,1
1067983,BRK-B,2021-01,18,7,18,,,,,875,165,,216,1,0,68,0,0,18
1096343,MKL,2021-01,2,1,2,,,,,96,48,,48,0,0,70,0,1,1
1128281,SKAS,2021-01,3,1,3,,,,,9,3,,4,0,0,1,0,2,1
1130310,CNP,2021-01,2,1,2,,,,,96,48,,48,0,1,0,0,1,1
1133421,NOC,2021-01,2,1,2,,,,,96,48,,48,0,0,1,0,1,1
1137774,PRU,2021-01,2,1,2,,,,,96,48,,48,0,1,0,0,1,1
1137883,BCLI,2021-01,1,1,1,,,,,7,7,,10,0,1,0,0,0,1
1144800,TAC,2021-01,9,1,9,,,,,0,0,,2,0,1,0,9,0,0
1163165,COP,2021-01,2,1,2,,,,,96,48,,48,0,0,2,0,1,1
1174922,WYNN,2021-01,2,1,2,,,,,96,48,,48,0,1,0,0,2,0
1278680,IAU,2021-01,4,3,4,,,,,19,11,,26,0,0,37,0,0,4
1288403,WTI,2021-01,1,1,1,,,,,10,10,,12,0,1,0,0,1,0
1289419,MORN,2021-01,19,4,19,,,,,132,11,,36,1,0,59,0,0,19
1295401,TBBK,2021-01,1,1,1,,,,,48,48,,48,0,1,0,0,0,1
1300514,LVS,2021-01,2,1,2,,,,,96,48,,48,0,1,0,0,1,1
1318605,TSLA,2021-01,20,11,20,,,,,131,26,,49,3,0,52,3,2,15
1321655,PLTR,2021-01,3,1,3,,,,,0,0,,4,3,0,3,0,0,3
1324404,CF,2021-01,1,1,1,,,,,5,5,,4,0,1,0,0,1,0
1326380,GME,2021-01,28,12,28,,,,,2478,387,,348,4,0,14,2,13,13
1326801,META,2021-01,4,3,4,,,,,45,34,,26,1,0,41,0,0,4
1327068,USO,2021-01,1,1,1,,,,,10,10,,12,0,0,11,1,0,0
1331284,DHT,2021-01,1,1,1,,,,,3,3,,4,0,0,55,0,1,0
1331875,FNF,2021-01,2,1,2,,,,,96,48,,48,0,1,0,0,1,1
1333493,EHTH,2021-01,2,1,2,,,,,12,6,,8,0,1,0,0,1,1
1378789,AER,2021-01,1,1,1,,,,,3,3,,0,0,1,0,0,0,1
1397187,LULU,2021-01,1,1,1,,,,,34,34,,14,0,0,7,0,0,1
1404912,KKR,2021-01,7,1,7,,,,,77,11,,6,0,0,23,0,7,0
1412408,PHR,2021-01,1,1,1,,,,,1,1,,0,0,1,0,0,0,1
1414932,OCSL,2021-01,1,1,1,,,,,5,5,,23,0,0,54,0,0,1
1447669,TWLO,2021-01,1,1,1,,,,,4,4,,6,0,0,7,0,0,1
1467858,GM,2021-01,4,2,4,,,,,18,6,,21,0,0,7,1,2,1
1483934,STNG,2021-01,5,1,5,,,,,70,14,,9,0,1,0,0,3,2
1504678,LOOP,2021-01,1,0,1,,,,,1,1,,0,1,1,0,0,1,0
1506307,KMI,2021-01,2,1,2,,,,,96,48,,48,0,1,0,0,1,1
1510295,MPC,2021-01,3,2,3,,,,,119,48,,83,0,1,0,0,2,1
1534701,PSX,2021-01,1,1,1,,,,,23,23,,35,0,0,1,0,1,0
1547903,NMIH,2021-01,1,1,1,,,,,34,34,,19,0,0,1,0,1,0
1560385,FWONA,2021-01,2,1,2,,,,,96,48,,48,0,0,6,0,0,2
1577552,BABA,2021-01,7,3,7,,,,,11,3,,19,0,0,40,0,0,7
1591588,GOLD,2021-01,2,0,2,,,,,0,0,,0,2,0,5,1,1,0
1605484,STLA,2021-01,1,1,1,,,,,0,0,,9,0,1,0,1,0,0
1639825,PTON,2021-01,1,1,1,,,,,4,4,,3,0,0,16,0,0,1
1639920,SPOT,2021-01,1,1,1,,,,,23,23,,1,0,0,5,1,0,0
1645590,HPE,2021-01,2,1,2,,,,,96,48,,48,0,1,0,0,1,1
1650664,EDIT,2021-01,2,2,2,,,,,91,80,,35,0,0,9,0,2,0
1652044,GOOGL,2021-01,29,10,29,,,,,288,34,,123,2,0,71,0,1,28
1655210,BYND,2021-01,1,0,1,,,,,2,2,,4,1,0,1,0,1,0
1659166,FTV,2021-01,2,1,2,,,,,96,48,,48,0,1,0,0,1,1
1666700,DD,2021-01,1,1,1,,,,,4,4,,3,0,0,2,0,1,0
1679273,LW,2021-01,2,1,2,,,,,96,48,,48,0,1,0,0,1,1
1691710,CPPKF,2021-01,2,1,2,,,,,0,0,,0,0,1,0,0,0,2
1706946,SPCE,2021-01,1,1,1,,,,,0,0,,4,1,0,9,0,0,1
1711269,EVRG,2021-01,2,1,2,,,,,96,48,,48,0,1,0,0,1,1
1726173,BH,2021-01,2,1,2,,,,,6,3,,4,0,1,0,0,1,1
1730168,AVGO,2021-01,1,1,1,,,,,0,0,,5,0,1,0,0,1,0
1731348,TLRY,2021-01,3,1,3,,,,,2,2,,6,2,1,0,0,1,2
1744489,DIS,2021-01,4,1,4,,,,,24,6,,12,0,0,26,0,2,2
1758009,QUBT,2021-01,2,1,2,,,,,16,8,,15,0,1,0,0,0,2
1768666,BSTZ,2021-01,7,3,7,,,,,228,167,,68,0,0,23,0,0,7
1770450,XRX,2021-01,1,1,1,,,,,3,3,,4,0,0,6,0,1,0
1783879,HOOD,2021-01,2,2,2,,,,,11,11,,6,0,0,16,0,0,2
1793659,RSI,2021-01,1,1,1,,,,,167,167,,50,0,1,0,0,1,0
1808834,PRG,2021-01,1,1,1,,,,,7,7,,10,0,1,0,0,1,0
1848763,RNW,2021-01,1,1,1,,,,,0,0,,2,0,1,0,1,0,0
1858258,FGDL,2021-01,3,1,3,,,,,12,4,,3,0,1,0,0,0,3
1937926,BAM,2021-01,1,1,1,,,,,0,0,,2,0,1,0,1,0,0
1966983,LAC,2021-01,2,1,2,,,,,4,2,,10,0,1,0,0,1,1
1985139,LSE,2021-01,2,1,2,,,,,2,1,,7,1,0,26,0,2,0
2012383,BLK,2021-01,2,1,2,,,,,12,6,,12,0,0,1,0,2,0
2026053,PS,2021-01,2,1,2,,,,,3,3,,9,0,0,30,0,0,2
2046370,UPX,2021-01,1,1,1,,,,,167,167,,50,0,1,0,0,0,1
2083785,SUNB,2021-01,1,1,1,,,,,5,5,,5,0,1,0,0,0,1
2099039,WSE,2021-01,1,1,1,,,,,14,14,,9,0,1,0,0,1,0
2115436,XOM,2021-01,2,1,2,,,,,48,48,,53,0,0,71,0,2,0
2488,AMD,2021-02,5,1,5,,,,,20,4,,7,0,0,1,0,4,1
3570,LNG,2021-02,4,1,4,,,,,52,13,,9,0,0,1,0,4,0
5513,UNM,2021-02,2,2,2,,,,,17,10,,15,0,0,5,0,2,0
8504,UAVS,2021-02,5,1,5,,,,,15,3,,25,0,1,0,0,5,0
12927,BA,2021-02,5,3,5,,,,,1113,540,,216,0,0,43,0,2,3
14272,BMY,2021-02,1,1,1,,,,,3,3,,10,0,0,2,0,1,0
14693,BF-A,2021-02,2,1,2,,,,,4,2,,0,0,1,0,0,0,2
18926,LUMN,2021-02,3,2,3,,,,,15,6,,34,0,0,2,0,3,0
19617,JPM,2021-02,1,1,1,,,,,162,162,,94,0,0,28,1,0,0
21076,CLX,2021-02,2,1,2,,,,,4,2,,11,0,1,0,0,1,1
21344,KO,2021-02,4,4,4,,,,,13,6,,36,0,0,61,0,1,3
23217,CAG,2021-02,1,1,1,,,,,1,1,,0,0,1,0,0,0,1
27419,TGT,2021-02,44,16,44,,,,,1414,167,,286,2,0,71,0,0,44
29332,DXYN,2021-02,2,1,2,,,,,0,0,,0,0,0,4,0,2,0
31667,EDUC,2021-02,2,2,2,,,,,1,1,,11,1,1,0,1,1,0
32604,EMR,2021-02,1,1,1,,,,,3,3,,10,0,1,0,0,1,0
34903,FRT,2021-02,1,1,1,,,,,2,2,,5,0,0,6,0,1,0
36104,USB,2021-02,1,1,1,,,,,162,162,,94,0,1,0,1,0,0
36270,MTB,2021-02,1,1,1,,,,,162,162,,94,0,1,0,1,0,0
37996,F,2021-02,6,1,6,,,,,138,23,,35,0,0,9,0,5,1
40545,GE,2021-02,2,1,2,,,,,318,159,,49,0,0,22,2,0,0
43196,GTN,2021-02,3,1,3,,,,,6,2,,9,0,1,0,0,3,0
48465,HRL,2021-02,1,1,1,,,,,13,13,,12,0,0,36,0,0,1
49071,HUM,2021-02,1,1,1,,,,,19,19,,18,0,1,0,0,0,1
50493,IMKTA,2021-02,18,2,18,,,,,202,13,,28,2,1,0,1,5,12
50863,INTC,2021-02,12,4,12,,,,,267,167,,137,0,0,94,0,1,11
51143,IBM,2021-02,1,1,1,,,,,59,59,,30,0,0,5,0,1,0
55785,KMB,2021-02,1,1,1,,,,,3,3,,10,0,1,0,0,1,0
56873,KR,2021-02,1,1,1,,,,,162,162,,94,0,0,5,1,0,0
59478,LLY,2021-02,1,1,1,,,,,3,3,,10,0,1,0,0,1,0
62996,MAS,2021-02,1,1,1,,,,,2,2,,7,0,1,0,0,1,0
63908,MCD,2021-02,1,0,1,,,,,299,299,,46,1,0,37,0,0,1
64803,CVS,2021-02,16,2,16,,,,,539,66,,41,0,0,1,2,11,3
71691,NYT,2021-02,1,1,1,,,,,4,4,,11,0,0,59,0,1,0
72971,WFC,2021-02,2,2,2,,,,,164,162,,99,0,0,5,1,1,0
77476,PEP,2021-02,2,2,2,,,,,1,1,,3,0,0,10,0,0,2
78003,PFE,2021-02,5,3,5,,,,,184,162,,130,0,0,53,1,1,3
91419,SJM,2021-02,1,1,1,,,,,2,2,,6,0,0,4,0,1,0
91440,SNA,2021-02,1,1,1,,,,,2,2,,3,0,1,0,0,1,0
93410,CVX,2021-02,3,2,3,,,,,331,162,,95,0,0,11,1,0,2
95574,SGC,2021-02,4,1,4,,,,,16,4,,5,0,1,0,0,4,0
96223,JEF,2021-02,1,0,1,,,,,2,2,,1,1,1,0,0,0,1
97476,TXN,2021-02,1,1,1,,,,,1,1,,8,0,1,0,0,0,1
100493,TSN,2021-02,2,1,2,,,,,76,38,,18,0,0,1,0,0,2
100517,UAL,2021-02,2,1,2,,,,,318,159,,49,0,0,9,2,0,0
103379,VFC,2021-02,1,1,1,,,,,7,7,,3,0,1,0,0,1,0
104169,WMT,2021-02,7,6,7,,,,,144,45,,86,1,0,57,1,1,5
106040,WDC,2021-02,4,1,4,,,,,2160,540,,163,0,0,1,0,2,2
200406,JNJ,2021-02,4,3,4,,,,,115,48,,47,0,0,8,0,4,0
217410,UL,2021-02,1,1,1,,,,,14,14,,6,0,0,10,0,0,1
276720,PCYO,2021-02,17,1,17,,,,,170,10,,6,0,1,0,0,13,4
310158,MRK,2021-02,2,2,2,,,,,165,162,,104,0,0,1,1,1,0
311337,SU,2021-02,3,2,3,,,,,170,162,,94,0,0,4,1,0,2
316709,SCHW,2021-02,1,1,1,,,,,5,5,,6,0,0,28,0,0,1
320193,AAPL,2021-02,93,14,93,,,,,12576,195,,582,1,0,71,1,8,84
350894,SEIC,2021-02,1,1,1,,,,,2,2,,5,0,1,0,0,1,0
352541,LNT,2021-02,1,1,1,,,,,3,3,,7,0,1,0,0,0,1
354950,HD,2021-02,1,1,1,,,,,4,4,,10,0,0,6,0,0,1
707549,LRCX,2021-02,2,1,2,,,,,8,4,,14,0,1,0,0,1,1
712034,ACCO,2021-02,3,1,3,,,,,0,0,,0,0,1,0,0,3,0
712537,FCF,2021-02,2,2,2,,,,,28,15,,27,0,0,72,0,2,0
713676,PNC,2021-02,1,1,1,,,,,162,162,,94,0,0,4,1,0,0
717954,UNF,2021-02,4,1,4,,,,,16,4,,5,0,1,0,0,1,3
720672,SF,2021-02,1,1,1,,,,,28,28,,4,0,1,0,0,0,1
721693,CREG,2021-02,7,1,7,,,,,29,5,,18,0,1,0,2,5,0
723125,MU,2021-02,1,1,1,,,,,1,1,,8,0,0,34,0,0,1
723254,CTAS,2021-02,14,1,14,,,,,56,4,,5,0,1,0,0,5,9
731766,UNH,2021-02,1,1,1,,,,,19,19,,18,0,0,2,0,0,1
732712,VZ,2021-02,7,6,7,,,,,341,162,,133,0,0,94,1,1,5
732717,T,2021-02,2,1,2,,,,,26,13,,12,0,0,27,2,0,0
753308,NEE,2021-02,1,1,1,,,,,3,3,,10,0,0,2,0,1,0
764180,MO,2021-02,22,2,22,,,,,570,159,,58,0,0,13,7,1,14
764478,BBY,2021-02,1,1,1,,,,,5,5,,2,0,1,0,0,0,1
766421,ALK,2021-02,2,1,2,,,,,2,1,,2,0,1,0,0,2,0
769594,NTTYY,2021-02,1,1,1,,,,,13,13,,12,0,1,0,1,0,0
783412,DJCO,2021-02,2,2,2,,,,,12,7,,2,0,0,12,0,0,2
788784,PEG,2021-02,1,1,1,,,,,20,20,,14,0,1,0,0,1,0
789019,MSFT,2021-02,9,7,9,,,,,59,25,,75,0,0,71,0,1,8
791963,OPY,2021-02,1,1,1,,,,,1,1,,2,0,1,0,0,0,1
793952,HOG,2021-02,2,1,2,,,,,0,0,,9,0,0,7,0,0,2
794367,M,2021-02,2,1,2,,,,,76,38,,18,0,1,0,2,0,0
795266,KBH,2021-02,1,0,1,,,,,1,1,,1,1,1,0,0,1,0
796343,ADBE,2021-02,1,1,1,,,,,1,1,,4,0,0,23,0,0,1
804328,QCOM,2021-02,3,3,3,,,,,56,52,,42,0,0,50,0,2,1
811156,CMSA,2021-02,1,1,1,,,,,6,6,,6,0,1,0,0,1,0
811922,MGF,2021-02,1,1,1,,,,,1,1,,1,1,1,0,0,1,0
813762,IEP,2021-02,1,1,1,,,,,0,0,,4,1,1,0,0,1,0
815097,CCL,2021-02,1,1,1,,,,,0,0,,34,0,0,35,0,1,0
815556,FAST,2021-02,2,1,2,,,,,6,3,,0,0,0,47,0,1,1
817720,SYNA,2021-02,2,1,2,,,,,68,34,,23,0,1,0,0,2,0
830271,NMI,2021-02,1,1,1,,,,,4,4,,2,0,1,0,0,1,0
831259,FCX,2021-02,40,1,40,,,,,840,21,,9,0,1,0,1,37,2
833079,MTH,2021-02,9,0,9,,,,,108,12,,22,0,1,0,0,3,6
835403,DEO,2021-02,1,1,1,,,,,1,1,,0,1,1,0,0,0,1
842180,BBVA,2021-02,2,1,2,,,,,10,5,,12,0,1,0,0,2,0
847942,STQN,2021-02,1,1,1,,,,,84,84,,35,0,1,0,0,0,1
858877,CSCO,2021-02,2,2,2,,,,,5,3,,19,0,0,28,0,0,2
862831,FISI,2021-02,2,2,2,,,,,11,6,,27,0,0,6,0,0,2
868675,TU,2021-02,1,1,1,,,,,13,13,,12,0,1,0,1,0,0
872589,REGN,2021-02,5,3,5,,,,,89,59,,102,0,1,0,1,1,3
875045,BIIB,2021-02,1,1,1,,,,,2,2,,5,0,0,5,0,1,0
875320,VRTX,2021-02,15,1,15,,,,,135,9,,28,0,1,0,2,13,0
885550,CACC,2021-02,4,1,4,,,,,192,48,,40,0,1,0,0,4,0
886128,FCEL,2021-02,2,1,2,,,,,700,350,,132,0,0,2,0,1,1
886136,SGA,2021-02,4,1,4,,,,,32,8,,4,0,0,1,0,3,1
886982,GS,2021-02,7,2,7,,,,,2337,540,,193,0,0,57,0,4,3
891103,MTCH,2021-02,2,1,2,,,,,0,0,,0,0,1,0,0,2,0
895421,MS,2021-02,3,1,3,,,,,409,167,,106,0,0,46,0,0,3
895728,ENB,2021-02,1,1,1,,,,,10,10,,9,0,1,0,0,1,0
897322,GILT,2021-02,2,1,2,,,,,20,10,,4,0,1,0,0,0,2
897421,NPV,2021-02,6,1,6,,,,,348,283,,30,0,0,11,0,6,0
898174,RGA,2021-02,4,3,4,,,,,34,28,,8,0,1,0,0,3,1
899051,ALL,2021-02,3,1,3,,,,,15,5,,31,0,0,3,0,0,3
901832,AZN,2021-02,1,1,1,,,,,3,3,,10,0,1,0,0,1,0
906553,BYD,2021-02,1,1,1,,,,,350,350,,132,0,0,5,0,1,0
909832,COST,2021-02,4,1,4,,,,,48,12,,29,0,0,56,0,0,4
911971,TK,2021-02,5,1,5,,,,,52,13,,9,1,1,0,0,5,0
912892,TV,2021-02,1,1,1,,,,,2,2,,3,0,1,0,0,1,0
913059,BBAR,2021-02,2,1,2,,,,,10,5,,12,0,1,0,0,2,0
923796,GEO,2021-02,3,1,3,,,,,27,9,,25,0,1,0,1,2,0
926282,ADTN,2021-02,1,1,1,,,,,13,13,,12,0,1,0,1,0,0
927628,COF,2021-02,1,1,1,,,,,2,2,,5,0,1,0,0,1,0
928465,DIT,2021-02,1,1,1,,,,,209,209,,47,0,1,0,0,1,0
936468,LMT,2021-02,28,5,28,,,,,3378,162,,191,0,0,2,6,16,6
1000184,SAP,2021-02,1,1,1,,,,,2,2,,14,0,1,0,0,0,1
1005284,OLED,2021-02,10,1,10,,,,,337,34,,49,1,1,0,0,10,0
1016838,RDCM,2021-02,1,1,1,,,,,13,13,,12,0,1,0,1,0,0
1018164,WLFC,2021-02,4,2,4,,,,,53,16,,42,0,1,0,2,2,0
1018724,AMZN,2021-02,67,13,67,,,,,4034,195,,390,2,0,69,0,3,64
1020569,IRM,2021-02,1,1,1,,,,,10,10,,9,0,0,9,0,1,0
1024305,COTY,2021-02,2,1,2,,,,,44,22,,20,0,1,0,2,0,0
1025378,WPC,2021-02,1,1,1,,,,,2,2,,5,0,0,2,0,1,0
1025996,KRC,2021-02,1,1,1,,,,,2,2,,5,0,1,0,0,1,0
1032975,LOGI,2021-02,1,1,1,,,,,5,5,,10,0,1,0,0,0,1
1038277,INIS,2021-02,1,1,1,,,,,1,1,,2,0,1,0,1,0,0
1045810,NVDA,2021-02,5,4,5,,,,,706,350,,151,0,0,56,0,2,3
1046179,TSM,2021-02,4,1,4,,,,,4,1,,8,0,0,1,0,4,0
1051512,TDS,2021-02,9,1,9,,,,,216,24,,33,0,1,0,2,7,0
1053507,AMT,2021-02,1,1,1,,,,,3,3,,8,0,1,0,0,1,0
1056288,FHI,2021-02,1,1,1,,,,,25,25,,9,0,1,0,0,0,1
1061219,EPD,2021-02,1,1,1,,,,,2,2,,5,0,0,2,0,1,0
1063761,SPG,2021-02,1,1,1,,,,,2,2,,5,0,0,3,0,1,0
1065280,NFLX,2021-02,3,3,3,,,,,102,56,,54,0,0,34,0,0,3
1066119,VIV,2021-02,1,1,1,,,,,13,13,,12,0,1,0,1,0,0
1067983,BRK-B,2021-02,38,17,38,,,,,1770,219,,525,5,0,69,0,3,35
1070423,PAA,2021-02,1,1,1,,,,,2,2,,5,0,1,0,0,1,0
1071739,CNC,2021-02,2,1,2,,,,,6,3,,5,0,1,0,0,2,0
1075531,BKNG,2021-02,2,1,2,,,,,1080,540,,163,0,1,0,0,2,0
1086888,MFC,2021-02,4,1,4,,,,,636,159,,49,0,1,0,0,4,0
1089113,HSBC,2021-02,5,1,5,,,,,20,4,,3,0,1,0,0,5,0
1091223,MTLS,2021-02,5,1,5,,,,,15,3,,5,0,0,60,0,1,4
1108329,PCCYF,2021-02,2,1,2,,,,,14,13,,5,1,1,0,0,0,2
1111711,NI,2021-02,1,0,1,,,,,1,1,,1,1,1,0,1,0,0
1122411,ASX,2021-02,1,1,1,,,,,1,1,,8,0,0,42,0,0,1
1123134,IMOS,2021-02,2,2,2,,,,,35,34,,24,0,1,0,0,1,1
1123360,GPN,2021-02,1,1,1,,,,,75,75,,26,0,0,56,0,0,1
1130713,BBBY,2021-02,1,1,1,,,,,540,540,,163,0,0,28,0,1,0
1137774,PRU,2021-02,1,1,1,,,,,10,10,,9,0,0,1,0,1,0
1137883,BCLI,2021-02,1,1,1,,,,,4,4,,12,0,0,1,0,0,1
1203464,IAG,2021-02,2,1,2,,,,,318,159,,49,0,1,0,0,2,0
1230245,PIPR,2021-02,1,1,1,,,,,1,1,,2,0,1,0,0,0,1
1232384,TRP,2021-02,2,1,2,,,,,4,2,,3,0,1,0,0,1,1
1261333,DOCU,2021-02,1,1,1,,,,,1,1,,9,0,1,0,0,0,1
1269238,TCOM,2021-02,1,1,1,,,,,540,540,,163,0,1,0,0,1,0
1277902,MVBF,2021-02,2,1,2,,,,,4,2,,10,0,1,0,0,1,1
1283699,TMUS,2021-02,2,2,2,,,,,163,162,,96,0,1,0,1,1,0
1287032,PSEC,2021-02,2,1,2,,,,,318,159,,49,0,1,0,2,0,0
1289419,MORN,2021-02,2,2,2,,,,,4,3,,6,0,0,60,0,0,2
1303523,BTI,2021-02,1,1,1,,,,,2,2,,5,0,0,5,0,1,0
1314196,OLB,2021-02,2,0,2,,,,,2,1,,1,2,1,0,1,1,0
1318605,TSLA,2021-02,30,16,30,,,,,973,167,,433,4,0,53,1,1,28
1321655,PLTR,2021-02,3,3,3,,,,,22,22,,44,1,0,4,0,1,2
1324404,CF,2021-02,1,1,1,,,,,9,9,,28,0,0,1,0,1,0
1324424,EXPE,2021-02,1,1,1,,,,,4,4,,10,0,1,0,0,0,1
1325702,MX,2021-02,14,1,14,,,,,470,34,,49,2,1,0,0,12,2
1326380,GME,2021-02,21,14,21,,,,,1533,540,,496,7,0,15,6,7,8
1326801,META,2021-02,11,8,11,,,,,1906,540,,328,0,0,42,0,0,11
1329099,BIDU,2021-02,1,1,1,,,,,25,25,,9,0,0,58,0,0,1
1330568,SLV,2021-02,1,1,1,,,,,0,0,,3,1,1,0,1,0,0
1331875,FNF,2021-02,1,0,1,,,,,1,1,,1,1,0,1,0,1,0
1333493,EHTH,2021-02,1,1,1,,,,,1,1,,12,0,0,1,0,0,1
1337634,STUB,2021-02,3,1,3,,,,,21,7,,5,0,1,0,0,0,3
1341439,ORCL,2021-02,1,1,1,,,,,2,2,,14,0,0,71,0,0,1
1342338,HIMX,2021-02,4,1,4,,,,,136,34,,23,0,1,0,0,4,0
1352010,EPAM,2021-02,2,1,2,,,,,96,48,,40,0,1,0,0,2,0
1360442,DOGP,2021-02,2,2,2,,,,,8,8,,23,1,1,0,0,0,2
1368458,SBH,2021-02,1,1,1,,,,,22,22,,20,0,1,0,0,0,1
1381197,IBKR,2021-02,1,1,1,,,,,2,2,,2,0,0,2,0,0,1
1393818,BX,2021-02,1,1,1,,,,,4,4,,10,0,1,0,0,1,0
1395064,TAK,2021-02,1,1,1,,,,,3,3,,10,0,1,0,0,1,0
1397187,LULU,2021-02,1,1,1,,,,,0,0,,5,0,0,8,0,0,1
1403568,ULTA,2021-02,1,1,1,,,,,3,3,,6,0,0,4,0,1,0
1404912,KKR,2021-02,1,1,1,,,,,4,4,,10,0,0,24,0,1,0
1411579,AMC,2021-02,3,1,3,,,,,18,6,,29,0,1,0,2,1,0
1413329,PM,2021-02,1,1,1,,,,,21,21,,6,0,1,0,1,0,0
1419945,TNK,2021-02,14,1,14,,,,,169,13,,9,1,0,34,0,5,9
1425287,WKHS,2021-02,3,1,3,,,,,0,0,,0,3,1,0,0,1,2
1430723,SFBS,2021-02,4,1,4,,,,,80,20,,14,0,1,0,0,1,3
1437071,IVR,2021-02,1,0,1,,,,,0,0,,3,1,0,6,0,1,0
1443669,PRLB,2021-02,4,1,4,,,,,12,3,,5,0,1,0,0,2,2
1445162,BYDDF,2021-02,1,1,1,,,,,350,350,,132,0,0,4,0,1,0
1448397,SHIP,2021-02,3,1,3,,,,,21,10,,9,1,1,0,1,1,1
1456772,OPI,2021-02,1,1,1,,,,,22,22,,20,0,1,0,0,1,0
1463978,BKUCF,2021-02,1,1,1,,,,,0,0,,0,0,1,0,0,0,1
1465740,TWO,2021-02,1,0,1,,,,,3,3,,3,1,1,0,1,0,0
1467623,DBX,2021-02,2,1,2,,,,,8,4,,2,0,1,0,1,1,0
1467858,GM,2021-02,1,1,1,,,,,162,162,,94,0,0,8,1,0,0
1472787,FAF,2021-02,1,1,1,,,,,5,5,,31,0,1,0,0,0,1
1477333,NET,2021-02,1,1,1,,,,,2,2,,2,0,1,0,0,0,1
1479094,STAG,2021-02,2,2,2,,,,,13,10,,10,0,1,0,0,2,0
1493318,ETOR,2021-02,1,1,1,,,,,8,8,,6,0,1,0,0,0,1
1504461,NGL,2021-02,1,1,1,,,,,1,1,,2,1,1,0,1,0,0
1506307,KMI,2021-02,1,1,1,,,,,3,3,,10,0,0,1,0,1,0
1512673,XYZ,2021-02,2,2,2,,,,,128,127,,27,0,1,0,1,1,0
1514416,BAND,2021-02,1,0,1,,,,,1,1,,0,1,1,0,0,1,0
1515317,MAGE,2021-02,2,1,2,,,,,10,5,,31,0,0,4,0,0,2
1517396,SSYS,2021-02,1,1,1,,,,,3,3,,5,0,1,0,0,0,1
1517413,FSLY,2021-02,1,1,1,,,,,2,2,,2,0,1,0,0,0,1
1524566,WLTH,2021-02,1,1,1,,,,,2,2,,3,0,1,0,0,0,1
1524684,GLCNF,2021-02,2,1,2,,,,,42,21,,9,0,0,3,0,0,2
1527469,ATH-PA,2021-02,2,1,2,,,,,8,4,,10,0,1,0,0,0,2
1529628,SND,2021-02,2,1,2,,,,,20,15,,14,1,1,0,0,1,1
1551152,ABBV,2021-02,3,3,3,,,,,175,162,,113,0,1,0,1,2,0
1559720,ABNB,2021-02,1,0,1,,,,,0,0,,5,1,1,0,0,1,0
1575515,SFM,2021-02,1,1,1,,,,,2,2,,5,0,1,0,0,1,0
1576427,CRTO,2021-02,1,1,1,,,,,3,3,,6,0,1,0,0,1,0
1577552,BABA,2021-02,5,3,5,,,,,29,25,,23,0,0,41,0,0,5
1577670,LADR,2021-02,1,0,1,,,,,1,1,,1,1,0,10,1,0,0
1585389,SMA,2021-02,1,1,1,,,,,4,4,,7,0,1,0,0,1,0
1591588,GOLD,2021-02,1,1,1,,,,,162,162,,94,0,0,6,1,0,0
1594805,SHOP,2021-02,3,1,3,,,,,87,29,,26,0,0,9,0,0,3
1596532,ANET,2021-02,1,1,1,,,,,6,6,,0,0,1,0,0,0,1
1604778,QRVO,2021-02,4,1,4,,,,,2160,540,,163,0,1,0,0,2,2
1610601,MOMO,2021-02,6,1,6,,,,,0,0,,0,0,1,0,0,6,0
1611647,FRPT,2021-02,2,1,2,,,,,2,1,,0,0,1,0,0,2,0
1613103,MDT,2021-02,1,1,1,,,,,10,10,,9,0,1,0,0,1,0
1616262,RMCF,2021-02,3,1,3,,,,,336,112,,33,0,1,0,0,2,1
1616707,W,2021-02,1,1,1,,,,,7,7,,5,0,0,15,0,0,1
1627475,UPWK,2021-02,3,2,3,,,,,7,7,,22,0,1,0,0,0,3
1633917,PYPL,2021-02,3,3,3,,,,,23,22,,50,0,0,55,0,0,3
1637207,PLNT,2021-02,1,1,1,,,,,167,167,,80,0,1,0,0,0,1
1637459,KHC,2021-02,11,1,11,,,,,131,13,,12,1,0,25,3,0,8
1639825,PTON,2021-02,3,2,3,,,,,334,167,,85,0,0,17,0,1,2
1643303,NNDM,2021-02,2,1,2,,,,,700,350,,132,0,1,0,0,1,1
1643953,PRPL,2021-02,1,1,1,,,,,7,7,,12,0,1,0,0,0,1
1646972,ACI,2021-02,2,1,2,,,,,12,6,,6,0,0,5,0,1,1
1649752,NMG,2021-02,1,1,1,,,,,14,14,,17,0,1,0,0,0,1
1650664,EDIT,2021-02,6,6,6,,,,,141,59,,79,0,0,10,0,6,0
1652044,GOOGL,2021-02,63,15,63,,,,,4059,540,,474,6,0,72,0,7,56
1655210,BYND,2021-02,23,2,23,,,,,315,14,,63,0,0,2,0,20,3
1656472,CRON,2021-02,5,1,5,,,,,105,21,,6,0,1,0,0,0,5
1666700,DD,2021-02,6,3,6,,,,,52,48,,51,2,0,3,0,6,0
1668717,BUD,2021-02,1,1,1,,,,,21,21,,6,0,0,5,0,0,1
1679049,INSW,2021-02,1,0,1,,,,,1,1,,1,0,1,0,0,0,1
1681459,FTI,2021-02,1,0,1,,,,,7,7,,11,0,1,0,0,1,0
1682852,MRNA,2021-02,3,2,3,,,,,77,75,,28,2,1,0,0,2,1
1691303,HCC,2021-02,7,1,7,,,,,65,13,,9,2,1,0,0,4,3
1691421,LMND,2021-02,1,1,1,,,,,3,3,,10,0,1,0,0,1,0
1693577,MNSB,2021-02,1,1,1,,,,,4,4,,10,0,1,0,0,0,1
1704711,FNKO,2021-02,2,1,2,,,,,700,350,,132,0,1,0,0,1,1
1706946,SPCE,2021-02,3,2,3,,,,,318,159,,52,0,0,10,1,0,2
1712184,LILAK,2021-02,1,1,1,,,,,162,162,,94,0,1,0,1,0,0
1712807,PAGS,2021-02,1,1,1,,,,,0,0,,2,0,1,0,0,1,0
1726173,BH,2021-02,1,1,1,,,,,3,3,,5,0,0,1,0,1,0
1728190,HUYA,2021-02,2,1,2,,,,,0,0,,0,0,1,0,0,2,0
1730168,AVGO,2021-02,1,1,1,,,,,1,1,,8,0,0,1,0,0,1
1731348,TLRY,2021-02,6,1,6,,,,,0,0,,4,2,0,1,0,1,5
1736541,NIO,2021-02,1,1,1,,,,,7,7,,14,0,0,26,0,1,0
1744489,DIS,2021-02,86,3,86,,,,,4964,84,,87,3,0,27,0,4,82
1744676,TME,2021-02,9,2,9,,,,,158,22,,47,0,0,41,0,0,9
1745431,STNE,2021-02,1,1,1,,,,,0,0,,2,0,1,0,0,1,0
1746618,RVLV,2021-02,1,0,1,,,,,2,2,,5,0,0,9,0,1,0
1756708,JMIA,2021-02,1,1,1,,,,,350,350,,132,0,1,0,0,1,0
1759783,EH,2021-02,4,1,4,,,,,28,10,,17,2,1,0,1,1,2
1762301,FVRR,2021-02,24,1,24,,,,,0,0,,8,0,1,0,1,0,23
1765651,PSPX,2021-02,1,1,1,,,,,1,1,,1,1,1,0,0,1,0
1766502,CHWY,2021-02,1,1,1,,,,,1,1,,0,0,1,0,0,0,1
1768666,BSTZ,2021-02,6,2,6,,,,,335,167,,183,0,0,24,0,0,6
1772921,ONEW,2021-02,2,1,2,,,,,30,15,,21,0,1,0,0,1,1
1783398,UWMC,2021-02,2,2,2,,,,,3,3,,35,1,1,0,1,1,0
1783879,HOOD,2021-02,3,3,3,,,,,10,8,,13,1,0,17,0,0,3
1792789,DASH,2021-02,2,0,2,,,,,0,0,,5,2,0,2,0,1,1
1793659,RSI,2021-02,4,1,4,,,,,323,167,,161,0,0,1,0,4,0
1799567,DDI,2021-02,1,1,1,,,,,34,34,,23,0,1,0,0,1,0
1805284,RKT,2021-02,5,1,5,,,,,105,21,,18,0,1,0,0,4,1
1810546,EBC,2021-02,2,1,2,,,,,4,2,,5,0,1,0,0,2,0
1811074,TPL,2021-02,3,1,3,,,,,144,48,,40,0,1,0,0,3,0
1823466,NOTE,2021-02,1,1,1,,,,,20,20,,58,0,0,7,0,1,0
1830043,BMBL,2021-02,10,2,10,,,,,0,0,,10,2,1,0,0,4,6
1831868,ICU,2021-02,1,1,1,,,,,3,3,,5,0,1,0,0,1,0
1832928,CRLBF,2021-02,1,1,1,,,,,5,5,,15,0,1,0,0,0,1
1858681,APO,2021-02,8,1,8,,,,,32,4,,10,0,1,0,0,7,1
1860160,FLY,2021-02,1,1,1,,,,,16,16,,40,0,1,0,1,0,0
1869198,LTH,2021-02,1,1,1,,,,,19,19,,4,0,1,0,0,0,1
1883685,DKNG,2021-02,1,1,1,,,,,56,56,,46,0,0,9,0,0,1
1932770,HERE,2021-02,1,1,1,,,,,3,3,,10,0,1,0,0,1,0
1985062,PBM,2021-02,4,1,4,,,,,56,14,,49,0,1,0,0,4,0
1985139,LSE,2021-02,1,1,1,,,,,0,0,,0,0,0,27,0,1,0
2020795,UNIT,2021-02,2,1,2,,,,,6,3,,6,0,1,0,0,1,1
2026053,PS,2021-02,2,2,2,,,,,24,20,,15,0,0,31,0,2,0
2035149,FLOC,2021-02,1,1,1,,,,,25,25,,9,0,1,0,0,1,0
2039525,XRP,2021-02,1,0,1,,,,,0,0,,3,1,1,0,0,1,0
2046370,UPX,2021-02,4,4,4,,,,,121,75,,48,1,0,1,0,0,4
2076616,TDWD,2021-02,2,2,2,,,,,13,13,,25,0,0,5,0,0,2
2077709,ROC,2021-02,1,1,1,,,,,127,127,,19,0,1,0,0,1,0
2079292,DYOR,2021-02,1,0,1,,,,,12,12,,22,0,1,0,0,1,0
2083728,LPCV,2021-02,1,1,1,,,,,0,0,,2,0,1,0,0,0,1
2087844,MSSHY,2021-02,1,1,1,,,,,7,7,,2,0,1,0,0,0,1
2088256,HQ,2021-02,1,1,1,,,,,1,1,,2,0,1,0,0,1,0
2099039,WSE,2021-02,4,1,4,,,,,39,13,,9,1,0,1,0,4,0
2115436,XOM,2021-02,1,1,1,,,,,2,2,,5,0,0,72,0,1,0
2488,AMD,2021-03,1,1,1,,,,,6,6,,12,0,0,2,1,0,0
2969,APD,2021-03,1,1,1,,,,,2,2,,0,0,1,0,1,0,0
12927,BA,2021-03,1,1,1,,,,,19,19,,14,0,0,44,0,0,1
14272,BMY,2021-03,2,2,2,,,,,29,29,,157,0,0,3,0,2,0
19617,JPM,2021-03,5,5,5,,,,,275,239,,350,0,0,29,0,3,2
21344,KO,2021-03,3,2,3,,,,,116,50,,44,0,0,62,0,2,1
27419,TGT,2021-03,32,14,32,,,,,396,69,,251,0,0,72,0,1,31
29534,DG,2021-03,2,2,2,,,,,1,1,,76,1,0,2,0,1,1
34088,,2021-03,1,1,1,,,,,4,4,,11,0,0,69,0,0,1
43196,GTN,2021-03,2,1,2,,,,,16,8,,12,0,0,1,0,2,0
50493,IMKTA,2021-03,2,1,2,,,,,2,1,,4,0,0,1,0,1,1
50863,INTC,2021-03,14,6,14,,,,,403,47,,132,0,0,95,1,2,11
56873,KR,2021-03,1,1,1,,,,,7,7,,11,0,0,6,0,1,0
63908,MCD,2021-03,1,1,1,,,,,0,0,,4,0,0,38,0,1,0
70858,BAC,2021-03,1,1,1,,,,,8,8,,55,0,0,12,0,1,0
76267,PKE,2021-03,2,1,2,,,,,38,19,,14,0,1,0,2,0,0
77476,PEP,2021-03,2,1,2,,,,,27,26,,30,1,0,11,0,0,2
78003,PFE,2021-03,21,4,21,,,,,1044,60,,189,0,0,54,2,6,13
80424,PG,2021-03,2,1,2,,,,,8,4,,2,0,0,10,1,0,1
88948,SENEA,2021-03,1,1,1,,,,,3,3,,9,0,1,0,0,1,0
93410,CVX,2021-03,2,2,2,,,,,112,108,,87,0,0,12,0,0,2
97476,TXN,2021-03,2,2,2,,,,,40,33,,44,0,0,1,0,1,1
100517,UAL,2021-03,1,1,1,,,,,137,137,,137,0,0,10,0,1,0
104169,WMT,2021-03,3,2,3,,,,,486,243,,94,0,0,58,0,1,2
104918,AVA,2021-03,1,1,1,,,,,0,0,,0,1,1,0,0,1,0
200406,JNJ,2021-03,1,1,1,,,,,239,239,,253,0,0,9,0,1,0
217410,UL,2021-03,1,1,1,,,,,0,0,,2,0,0,11,0,0,1
310158,MRK,2021-03,1,1,1,,,,,29,29,,82,0,0,2,0,1,0
313216,PHG,2021-03,1,1,1,,,,,1,1,,6,0,1,0,0,0,1
320193,AAPL,2021-03,25,11,25,,,,,1209,263,,357,0,0,72,1,3,21
716634,RDI,2021-03,2,1,2,,,,,0,0,,0,0,1,0,1,1,0
717720,VALU,2021-03,2,1,2,,,,,6,3,,6,0,0,33,0,0,2
732712,VZ,2021-03,6,4,6,,,,,80,37,,124,0,0,95,0,2,4
732717,T,2021-03,20,3,20,,,,,673,37,,45,0,0,28,2,18,0
756894,B,2021-03,1,1,1,,,,,20,20,,26,0,0,58,0,0,1
783412,DJCO,2021-03,4,2,4,,,,,36,29,,14,1,0,13,0,0,4
788784,PEG,2021-03,1,1,1,,,,,10,10,,17,0,0,1,0,1,0
789019,MSFT,2021-03,45,6,45,,,,,877,243,,150,2,0,72,1,5,39
794170,TOL,2021-03,1,1,1,,,,,5,5,,18,0,1,0,0,0,1
794367,M,2021-03,1,1,1,,,,,3,3,,11,0,0,1,1,0,0
796343,ADBE,2021-03,1,1,1,,,,,6,6,,2,0,0,24,0,0,1
797468,OXY,2021-03,1,1,1,,,,,137,137,,137,0,0,16,0,1,0
804328,QCOM,2021-03,3,2,3,,,,,73,33,,44,0,0,51,0,1,2
815097,CCL,2021-03,1,1,1,,,,,1,1,,2,1,0,36,0,1,0
822416,PHM,2021-03,2,1,2,,,,,20,10,,17,0,0,5,0,2,0
823768,WM,2021-03,1,1,1,,,,,13,13,,10,0,0,3,0,0,1
829224,SBUX,2021-03,1,1,1,,,,,0,0,,4,0,0,55,0,1,0
830271,NMI,2021-03,1,1,1,,,,,2,2,,5,0,0,1,0,1,0
847942,STQN,2021-03,1,1,1,,,,,25,25,,6,0,0,1,0,0,1
865752,MNST,2021-03,1,1,1,,,,,0,0,,75,0,1,0,0,1,0
881787,CRT,2021-03,1,1,1,,,,,1,1,,0,0,1,0,0,1,0
883618,NXP,2021-03,1,1,1,,,,,33,33,,20,0,1,0,0,1,0
885590,BHC,2021-03,1,1,1,,,,,1,1,,0,0,0,2,1,0,0
885639,KSS,2021-03,2,1,2,,,,,44,22,,15,0,1,0,0,2,0
885725,BSX,2021-03,1,1,1,,,,,1,1,,5,0,0,2,0,0,1
897421,NPV,2021-03,2,1,2,,,,,4,2,,4,0,0,12,0,2,0
899051,ALL,2021-03,3,1,3,,,,,30,10,,7,0,0,4,0,2,1
906163,NVR,2021-03,1,1,1,,,,,5,5,,18,0,1,0,0,1,0
909832,COST,2021-03,1,1,1,,,,,7,7,,11,0,0,57,0,0,1
910631,KOF,2021-03,1,1,1,,,,,16,16,,11,0,1,0,0,1,0
913290,FRO,2021-03,1,1,1,,,,,1,1,,8,0,1,0,0,1,0
920760,LEN,2021-03,1,1,1,,,,,5,5,,18,0,1,0,0,0,1
932787,STM,2021-03,3,1,3,,,,,18,6,,12,0,1,0,3,0,0
936468,LMT,2021-03,4,2,4,,,,,29,9,,19,0,0,3,0,2,2
944695,THG,2021-03,2,1,2,,,,,2,1,,7,2,1,0,0,2,0
946770,DTEGY,2021-03,4,1,4,,,,,12,3,,11,0,1,0,0,0,4
1000694,NVAX,2021-03,1,1,1,,,,,0,0,,75,0,0,4,0,1,0
1005284,OLED,2021-03,1,0,1,,,,,15,15,,25,1,0,1,0,1,0
1018724,AMZN,2021-03,31,11,31,,,,,1150,243,,333,0,0,70,0,5,26
1020859,UNFI,2021-03,22,4,22,,,,,723,37,,79,0,1,0,19,3,0
1022079,DGX,2021-03,3,1,3,,,,,75,25,,6,0,1,0,1,0,2
1045810,NVDA,2021-03,3,3,3,,,,,80,47,,93,0,0,57,0,0,3
1046179,TSM,2021-03,51,3,51,,,,,1659,36,,41,0,0,2,2,47,2
1049521,MRCY,2021-03,1,1,1,,,,,3,3,,5,0,1,0,0,1,0
1051627,AXTI,2021-03,1,1,1,,,,,6,6,,0,0,1,0,0,1,0
1053092,GLDI,2021-03,2,1,2,,,,,308,154,,59,0,0,56,0,0,2
1057060,HZO,2021-03,1,1,1,,,,,0,0,,75,0,1,0,0,1,0
1058090,CMG,2021-03,1,1,1,,,,,0,0,,4,0,1,0,0,1,0
1058290,CTSH,2021-03,1,1,1,,,,,16,16,,3,0,0,2,0,0,1
1063761,SPG,2021-03,1,1,1,,,,,73,73,,29,0,0,4,0,0,1
1065280,NFLX,2021-03,10,8,10,,,,,236,69,,229,1,0,35,1,1,8
1067983,BRK-B,2021-03,28,9,28,,,,,1470,435,,379,5,0,70,2,3,23
1070235,BB,2021-03,1,1,1,,,,,2,2,,9,0,1,0,1,0,0
1070985,CXW,2021-03,4,1,4,,,,,16,4,,6,0,1,0,0,0,4
1071739,CNC,2021-03,1,1,1,,,,,1,1,,1,0,0,1,0,0,1
1091667,CHTR,2021-03,13,2,13,,,,,145,12,,5,0,1,0,2,11,0
1108524,CRM,2021-03,3,2,3,,,,,26,13,,15,0,0,10,0,1,2
1109357,EXC,2021-03,9,1,9,,,,,288,32,,8,0,1,0,0,1,8
1113809,BBW,2021-03,1,1,1,,,,,7,7,,9,0,1,0,0,1,0
1128928,FLO,2021-03,1,0,1,,,,,0,0,,0,1,1,0,1,0,0
1130713,BBBY,2021-03,1,1,1,,,,,7,7,,9,0,0,29,0,1,0
1131399,GSK,2021-03,4,1,4,,,,,32,8,,55,0,1,0,0,4,0
1163370,NRIM,2021-03,2,1,2,,,,,6,3,,3,0,1,0,0,0,2
1165002,WHG,2021-03,6,1,6,,,,,132,22,,22,0,1,0,0,6,0
1166691,CMCSA,2021-03,1,1,1,,,,,1,1,,1,0,0,28,0,1,0
1231346,SA,2021-03,1,1,1,,,,,3,3,,3,0,1,0,0,1,0
1260221,TDG,2021-03,1,1,1,,,,,1,1,,1,0,1,0,0,0,1
1278680,IAU,2021-03,1,0,1,,,,,4,4,,22,0,0,39,0,0,1
1278752,MFIC,2021-03,1,1,1,,,,,4,4,,3,0,0,5,0,0,1
1285785,MOS,2021-03,2,2,2,,,,,6,5,,6,1,1,0,0,2,0
1286681,DPZ,2021-03,2,1,2,,,,,0,0,,4,0,1,0,0,2,0
1289419,MORN,2021-03,2,1,2,,,,,5,3,,12,1,0,61,0,0,2
1301787,BXC,2021-03,3,2,3,,,,,6,3,,82,0,1,0,0,2,1
1303523,BTI,2021-03,1,1,1,,,,,0,0,,75,0,0,6,0,1,0
1308648,AG,2021-03,1,1,1,,,,,1,1,,0,0,1,0,0,1,0
1315098,RBLX,2021-03,1,1,1,,,,,3,3,,7,0,1,0,0,0,1
1318605,TSLA,2021-03,19,8,19,,,,,569,243,,437,4,0,54,1,1,17
1321655,PLTR,2021-03,4,2,4,,,,,131,131,,476,3,0,5,0,0,4
1324948,RBC,2021-03,1,1,1,,,,,0,0,,3,0,1,0,0,1,0
1325702,MX,2021-03,6,1,6,,,,,206,44,,83,2,0,1,0,4,2
1326380,GME,2021-03,21,10,21,,,,,2658,465,,473,2,0,16,5,8,8
1326801,META,2021-03,10,5,10,,,,,288,69,,115,1,0,43,0,0,10
1329099,BIDU,2021-03,1,1,1,,,,,2,2,,9,0,0,59,0,0,1
1356576,SUPN,2021-03,1,1,1,,,,,1,1,,9,0,1,0,0,1,0
1364125,WRN,2021-03,1,1,1,,,,,0,0,,1,0,1,0,0,1,0
1381197,IBKR,2021-03,1,1,1,,,,,3,3,,4,0,0,3,0,1,0
1393584,AMWL,2021-03,3,1,3,,,,,18,6,,4,0,1,0,0,1,2
1397187,LULU,2021-03,1,1,1,,,,,7,7,,9,0,0,9,0,1,0
1403161,V,2021-03,1,1,1,,,,,4,4,,2,0,0,17,0,1,0
1404912,KKR,2021-03,1,1,1,,,,,7,7,,9,0,0,25,0,1,0
1411579,AMC,2021-03,1,1,1,,,,,22,22,,15,0,0,1,1,0,0
1414932,OCSL,2021-03,1,1,1,,,,,111,111,,32,0,0,56,0,0,1
1463101,ENPH,2021-03,1,1,1,,,,,65,65,,35,0,0,3,0,1,0
1476204,PECO,2021-03,1,1,1,,,,,32,32,,8,0,1,0,0,1,0
1477333,NET,2021-03,2,1,2,,,,,2,1,,1,0,0,1,2,0,0
1479094,STAG,2021-03,1,1,1,,,,,1,1,,3,0,0,1,0,1,0
1499961,BINI,2021-03,1,1,1,,,,,0,0,,16,0,1,0,0,0,1
1505952,DOMO,2021-03,2,1,2,,,,,74,37,,25,0,1,0,0,2,0
1512762,CHRS,2021-03,4,0,4,,,,,8,3,,1,4,1,0,0,2,2
1524566,WLTH,2021-03,1,0,1,,,,,0,0,,2,1,0,1,0,0,1
1529628,SND,2021-03,2,1,2,,,,,10,5,,5,0,0,1,0,2,0
1529864,ENVA,2021-03,5,1,5,,,,,45,9,,0,0,1,0,0,2,3
1551152,ABBV,2021-03,2,1,2,,,,,0,0,,9,0,0,1,1,0,1
1561550,DDOG,2021-03,2,1,2,,,,,2,1,,1,0,1,0,2,0,0
1568100,PD,2021-03,1,1,1,,,,,7,7,,17,0,1,0,0,1,0
1576940,CCS,2021-03,8,1,8,,,,,160,20,,7,0,1,0,0,4,4
1577552,BABA,2021-03,4,3,4,,,,,14,4,,31,0,0,42,0,1,3
1579684,TDAY,2021-03,2,1,2,,,,,138,69,,28,0,1,0,0,0,2
1584549,VFF,2021-03,1,1,1,,,,,3,3,,0,0,1,0,0,1,0
1585689,HLT,2021-03,1,1,1,,,,,0,0,,75,0,1,0,0,1,0
1588489,GBTC,2021-03,2,1,2,,,,,6,3,,5,0,1,0,0,2,0
1594805,SHOP,2021-03,3,1,3,,,,,15,5,,4,0,0,10,0,1,2
1603923,WFRD,2021-03,1,1,1,,,,,0,0,,3,0,1,0,0,0,1
1605484,STLA,2021-03,1,1,1,,,,,243,243,,19,0,0,2,0,0,1
1627475,UPWK,2021-03,1,1,1,,,,,1,1,,4,0,0,1,0,0,1
1630113,BTCY,2021-03,19,1,19,,,,,0,0,,0,0,1,0,0,2,17
1632790,ENR,2021-03,4,1,4,,,,,4,1,,2,0,1,0,0,1,3
1639825,PTON,2021-03,31,1,31,,,,,93,3,,11,0,0,18,1,2,28
1650664,EDIT,2021-03,2,2,2,,,,,208,139,,83,0,0,11,0,2,0
1651717,NOMD,2021-03,4,1,4,,,,,4,1,,6,0,1,0,0,1,3
1652044,GOOGL,2021-03,26,12,26,,,,,496,73,,256,2,0,73,0,2,24
1659494,COE,2021-03,3,1,3,,,,,6,2,,4,0,0,10,0,3,0
1666700,DD,2021-03,4,2,4,,,,,38,25,,24,0,0,4,0,4,0
1681459,FTI,2021-03,1,0,1,,,,,2,2,,8,1,0,1,0,1,0
1684144,ZOMDF,2021-03,4,1,4,,,,,0,0,,9,2,1,0,0,0,4
1691445,FINV,2021-03,2,0,2,,,,,18,9,,12,2,1,0,0,1,1
1702924,WRAP,2021-03,2,1,2,,,,,0,0,,4,0,1,0,0,1,1
1714174,BUR,2021-03,30,1,30,,,,,210,7,,9,0,1,0,0,0,30
1730168,AVGO,2021-03,7,3,7,,,,,82,33,,117,0,0,2,1,3,3
1743759,CRSR,2021-03,5,1,5,,,,,115,23,,66,0,1,0,1,2,2
1744489,DIS,2021-03,13,3,13,,,,,279,27,,73,0,0,28,1,0,12
1762301,FVRR,2021-03,1,1,1,,,,,1,1,,4,0,0,1,0,0,1
1766502,CHWY,2021-03,1,0,1,,,,,1,1,,0,1,0,1,0,0,1
1768666,BSTZ,2021-03,4,4,4,,,,,27,22,,30,0,0,25,0,0,4
1783879,HOOD,2021-03,3,2,3,,,,,38,29,,26,1,0,18,0,0,3
1792789,DASH,2021-03,1,1,1,,,,,22,22,,15,0,0,3,0,0,1
1793659,RSI,2021-03,3,3,3,,,,,40,33,,45,0,0,2,0,3,0
1799290,EBON,2021-03,1,1,1,,,,,1,1,,1,1,1,0,1,0,0
1805284,RKT,2021-03,2,1,2,,,,,0,0,,2,2,0,1,0,2,0
1810806,U,2021-03,2,0,2,,,,,2,1,,21,2,0,7,0,1,1
1811074,TPL,2021-03,4,1,4,,,,,112,28,,34,0,0,1,0,2,2
1823593,TSPH,2021-03,1,1,1,,,,,2,2,,9,0,1,0,0,0,1
1843181,NBXG,2021-03,1,1,1,,,,,13,13,,10,0,1,0,0,0,1
1866364,BULL,2021-03,1,1,1,,,,,1,1,,1,1,0,31,0,0,1
1869198,LTH,2021-03,1,1,1,,,,,1,1,,0,1,0,1,0,0,1
1944013,CR,2021-03,1,1,1,,,,,10,10,,17,0,1,0,0,1,0
1959455,HSHP,2021-03,1,1,1,,,,,144,144,,34,0,0,4,0,0,1
1985062,PBM,2021-03,4,1,4,,,,,212,53,,28,0,0,1,0,4,0
1985139,LSE,2021-03,1,1,1,,,,,2,2,,6,0,0,28,0,1,0
2003292,KLAR,2021-03,1,1,1,,,,,22,22,,15,0,1,0,0,0,1
2015955,CUB,2021-03,1,1,1,,,,,24,24,,11,0,1,0,0,0,1
2026053,PS,2021-03,5,4,5,,,,,169,144,,71,0,0,32,0,4,1
2040491,ASIC,2021-03,1,1,1,,,,,3,3,,0,0,1,0,0,1,0
2046370,UPX,2021-03,3,3,3,,,,,48,23,,99,0,0,2,0,0,3
2102041,IPFX,2021-03,1,1,1,,,,,3,3,,0,0,1,0,0,0,1
2115436,XOM,2021-03,1,1,1,,,,,8,8,,55,0,0,73,0,1,0
4977,AFL,2021-04,28,1,28,,,,,2408,86,,22,0,0,3,0,0,28
6201,AAL,2021-04,1,1,1,,,,,4,4,,5,0,0,3,0,0,1
8858,AVT,2021-04,1,1,1,,,,,3,3,,6,0,1,0,0,1,0
12927,BA,2021-04,2,2,2,,,,,5,4,,5,0,0,45,0,0,2
14272,BMY,2021-04,2,2,2,,,,,10,5,,11,0,0,4,0,1,1
18926,LUMN,2021-04,17,4,17,,,,,372,30,,59,0,0,4,1,9,7
19617,JPM,2021-04,2,1,2,,,,,0,0,,7,0,0,30,0,2,0
21344,KO,2021-04,1,1,1,,,,,106,106,,27,0,0,63,0,0,1
27419,TGT,2021-04,13,7,13,,,,,245,47,,136,0,0,73,0,0,13
31462,ECL,2021-04,1,1,1,,,,,4,4,,15,0,1,0,0,1,0
34088,,2021-04,1,1,1,,,,,160,160,,89,0,0,70,0,0,1
36270,MTB,2021-04,2,2,2,,,,,80,75,,85,0,0,2,0,2,0
40533,GD,2021-04,2,0,2,,,,,2,1,,0,2,0,4,0,1,1
42582,GT,2021-04,2,1,2,,,,,36,18,,16,0,1,0,0,2,0
43196,GTN,2021-04,1,1,1,,,,,5,5,,2,0,0,2,0,1,0
50493,IMKTA,2021-04,1,1,1,,,,,8,8,,13,0,0,2,1,0,0
50863,INTC,2021-04,3,3,3,,,,,167,160,,101,1,0,96,1,0,2
56873,KR,2021-04,5,2,5,,,,,41,9,,69,0,0,7,4,1,0
64996,MCY,2021-04,1,1,1,,,,,83,83,,24,0,1,0,0,1,0
65270,MEI,2021-04,3,1,3,,,,,39,13,,6,0,1,0,0,2,1
70858,BAC,2021-04,1,1,1,,,,,3,3,,8,0,0,13,0,1,0
72971,WFC,2021-04,2,2,2,,,,,10,5,,10,0,0,7,0,2,0
77476,PEP,2021-04,1,1,1,,,,,1,1,,0,0,0,12,0,0,1
78003,PFE,2021-04,5,2,5,,,,,79,20,,54,0,0,55,2,3,0
93410,CVX,2021-04,2,1,2,,,,,201,160,,122,0,0,13,0,0,2
93751,STT,2021-04,1,1,1,,,,,75,75,,83,0,1,0,0,1,0
97476,TXN,2021-04,1,1,1,,,,,4,4,,15,0,0,2,0,1,0
104169,WMT,2021-04,4,3,4,,,,,161,106,,60,0,0,59,0,2,2
105418,WMK,2021-04,3,2,3,,,,,16,8,,16,0,1,0,1,1,1
200406,JNJ,2021-04,2,1,2,,,,,18,9,,5,0,0,10,0,2,0
217410,UL,2021-04,1,1,1,,,,,1,1,,0,0,0,12,0,0,1
310158,MRK,2021-04,5,2,5,,,,,513,127,,253,0,0,3,0,5,0
312070,VXX,2021-04,1,1,1,,,,,2,2,,5,0,1,0,0,1,0
316709,SCHW,2021-04,1,1,1,,,,,9,9,,16,0,0,30,0,0,1
320193,AAPL,2021-04,16,10,16,,,,,629,160,,472,3,0,73,0,2,14
350852,CTBI,2021-04,1,1,1,,,,,5,5,,2,0,0,4,0,1,0
353278,NVO,2021-04,1,1,1,,,,,5,5,,2,0,1,0,0,1,0
354707,HE,2021-04,1,1,1,,,,,4,4,,15,0,1,0,0,1,0
354950,HD,2021-04,4,2,4,,,,,26,9,,14,0,0,8,0,1,3
701818,KGC,2021-04,1,1,1,,,,,13,13,,28,0,1,0,0,1,0
708955,FFBC,2021-04,1,1,1,,,,,5,5,,2,0,0,4,0,1,0
712537,FCF,2021-04,4,3,4,,,,,68,43,,29,0,0,74,0,4,0
717720,VALU,2021-04,2,2,2,,,,,32,25,,9,0,0,34,0,0,2
723531,PAYX,2021-04,1,1,1,,,,,0,0,,2,0,1,0,0,0,1
731012,HCSG,2021-04,1,1,1,,,,,2,2,,0,0,0,12,0,0,1
731766,UNH,2021-04,2,1,2,,,,,8,4,,10,0,0,4,0,2,0
732712,VZ,2021-04,2,1,2,,,,,18,9,,19,0,0,96,0,0,2
732717,T,2021-04,2,2,2,,,,,171,165,,126,0,0,29,1,1,0
733590,TCI,2021-04,1,1,1,,,,,28,28,,38,0,1,0,0,1,0
756894,B,2021-04,3,1,3,,,,,51,17,,6,0,0,59,0,0,3
763901,BPOP,2021-04,1,1,1,,,,,3,3,,6,0,1,0,0,1,0
764180,MO,2021-04,4,2,4,,,,,58,20,,76,0,0,15,0,2,2
776867,WTM,2021-04,1,1,1,,,,,83,83,,24,0,1,0,0,1,0
783412,DJCO,2021-04,1,0,1,,,,,149,149,,115,1,0,14,0,0,1
789019,MSFT,2021-04,2,2,2,,,,,42,41,,78,0,0,73,1,0,1
794170,TOL,2021-04,1,1,1,,,,,8,8,,13,0,0,1,1,0,0
813298,DXLG,2021-04,1,1,1,,,,,1,1,,2,1,1,0,0,1,0
827052,EIX,2021-04,1,1,1,,,,,3,3,,6,0,0,3,0,1,0
828146,LINK,2021-04,1,1,1,,,,,1,1,,1,1,1,0,1,0,0
829224,SBUX,2021-04,3,1,3,,,,,207,69,,77,0,0,56,0,2,1
862831,FISI,2021-04,1,1,1,,,,,6,6,,4,0,0,8,0,0,1
868675,TU,2021-04,5,1,5,,,,,41,9,,55,0,0,2,0,2,3
872589,REGN,2021-04,1,1,1,,,,,6,6,,28,0,0,2,0,0,1
875045,BIIB,2021-04,7,2,7,,,,,33,5,,15,0,0,7,0,3,4
879169,INCY,2021-04,1,1,1,,,,,5,5,,4,0,1,0,0,0,1
882095,GILD,2021-04,1,1,1,,,,,5,5,,2,0,0,53,0,1,0
882184,DHI,2021-04,1,1,1,,,,,18,18,,20,0,0,48,0,1,0
882835,ROP,2021-04,1,1,1,,,,,4,4,,15,0,1,0,0,1,0
885462,GURE,2021-04,5,1,5,,,,,21,7,,6,0,0,48,0,4,1
886982,GS,2021-04,4,2,4,,,,,121,57,,18,1,0,59,0,0,4
887225,KEP,2021-04,1,1,1,,,,,13,13,,28,0,1,0,0,1,0
897421,NPV,2021-04,1,1,1,,,,,57,57,,13,0,0,13,0,1,0
898174,RGA,2021-04,1,1,1,,,,,21,21,,20,0,0,2,0,1,0
899051,ALL,2021-04,1,1,1,,,,,3,3,,15,0,0,5,0,0,1
901832,AZN,2021-04,1,1,1,,,,,9,9,,5,0,0,2,0,0,1
906553,BYD,2021-04,2,1,2,,,,,4,2,,16,0,0,7,0,2,0
909832,COST,2021-04,2,1,2,,,,,18,9,,56,0,0,58,0,1,1
910631,KOF,2021-04,3,1,3,,,,,39,13,,28,0,0,1,0,3,0
919012,AEO,2021-04,1,1,1,,,,,2,2,,1,0,1,0,0,1,0
923796,GEO,2021-04,11,2,11,,,,,346,54,,67,1,0,2,4,7,0
924613,NOK,2021-04,1,1,1,,,,,0,0,,0,1,1,0,1,0,0
927628,COF,2021-04,2,1,2,,,,,10,5,,2,0,0,2,0,2,0
932787,STM,2021-04,1,1,1,,,,,1,1,,2,0,0,1,0,0,1
946770,DTEGY,2021-04,1,1,1,,,,,1,1,,2,0,0,1,0,0,1
1001085,BN,2021-04,1,1,1,,,,,27,27,,18,0,0,25,0,0,1
1018164,WLFC,2021-04,1,1,1,,,,,6,6,,17,0,0,2,1,0,0
1018724,AMZN,2021-04,16,7,16,,,,,346,160,,261,0,0,71,0,1,15
1039399,FORM,2021-04,1,1,1,,,,,9,9,,8,0,1,0,0,1,0
1042046,AFG,2021-04,1,1,1,,,,,75,75,,83,0,1,0,0,1,0
1046179,TSM,2021-04,1,1,1,,,,,5,5,,9,0,0,3,1,0,0
1053092,GLDI,2021-04,1,1,1,,,,,4,4,,24,0,0,57,0,0,1
1061219,EPD,2021-04,3,1,3,,,,,36,12,,4,0,0,4,0,3,0
1063761,SPG,2021-04,1,1,1,,,,,5,5,,2,0,0,5,0,1,0
1065280,NFLX,2021-04,1,1,1,,,,,0,0,,3,0,0,36,0,0,1
1067983,BRK-B,2021-04,20,11,20,,,,,713,160,,391,4,0,71,0,2,18
1070985,CXW,2021-04,4,1,4,,,,,60,15,,20,0,0,1,1,2,1
1080448,PGOL,2021-04,9,1,9,,,,,513,57,,13,0,1,0,5,0,4
1084869,FLWS,2021-04,9,1,9,,,,,225,25,,8,0,1,0,1,8,0
1089113,HSBC,2021-04,3,1,3,,,,,5,2,,5,1,0,2,1,2,0
1090727,UPS,2021-04,2,1,2,,,,,94,47,,23,0,1,0,0,1,1
1096343,MKL,2021-04,3,1,3,,,,,63,21,,20,0,0,73,0,0,3
1099219,MET,2021-04,1,1,1,,,,,21,21,,20,0,0,35,0,0,1
1107457,IFNNY,2021-04,1,1,1,,,,,1,1,,2,0,1,0,0,0,1
1108524,CRM,2021-04,1,1,1,,,,,27,27,,32,0,0,11,0,0,1
1113169,TROW,2021-04,2,2,2,,,,,13,9,,71,0,0,11,0,2,0
1124198,FLR,2021-04,5,1,5,,,,,20,4,,6,0,1,0,0,2,3
1129137,AMX,2021-04,1,1,1,,,,,3,3,,6,0,1,0,0,1,0
1133421,NOC,2021-04,2,1,2,,,,,130,65,,10,0,0,4,0,1,1
1142417,NXST,2021-04,1,1,1,,,,,5,5,,2,0,1,0,0,0,1
1158780,PLUR-V,2021-04,2,1,2,,,,,12,6,,4,0,0,7,1,1,0
1173643,TRX,2021-04,1,1,1,,,,,1,1,,1,1,1,0,1,0,0
1261333,DOCU,2021-04,2,0,2,,,,,16,8,,8,2,0,2,0,1,1
1265131,HTH,2021-04,1,1,1,,,,,83,83,,24,0,1,0,0,1,0
1289419,MORN,2021-04,5,4,5,,,,,206,83,,76,0,0,62,0,0,5
1295401,TBBK,2021-04,1,1,1,,,,,1,1,,1,1,0,3,0,0,1
1301787,BXC,2021-04,13,1,13,,,,,52,4,,3,0,0,1,0,4,9
1303523,BTI,2021-04,1,1,1,,,,,5,5,,2,0,0,7,0,1,0
1318605,TSLA,2021-04,8,6,8,,,,,114,47,,156,0,0,55,0,1,7
1321655,PLTR,2021-04,3,2,3,,,,,0,0,,26,0,0,6,0,3,0
1325702,MX,2021-04,8,2,8,,,,,103,16,,48,0,0,2,0,5,3
1326801,META,2021-04,10,4,10,,,,,142,41,,123,0,0,44,0,0,10
1329099,BIDU,2021-04,2,2,2,,,,,10,5,,14,0,0,60,0,2,0
1331875,FNF,2021-04,1,1,1,,,,,83,83,,24,0,0,3,0,1,0
1341439,ORCL,2021-04,3,1,3,,,,,6,2,,4,0,0,73,0,0,3
1347426,BMA,2021-04,2,1,2,,,,,18,9,,31,0,0,7,2,0,0
1355444,EMBJ,2021-04,1,1,1,,,,,4,4,,2,0,1,0,0,0,1
1367644,EBS,2021-04,3,1,3,,,,,27,9,,5,0,1,0,0,2,1
1381197,IBKR,2021-04,3,1,3,,,,,27,9,,7,0,0,4,0,2,1
1400438,LGO,2021-04,3,1,3,,,,,12,4,,15,0,1,0,0,0,3
1420520,ATOM,2021-04,1,1,1,,,,,1,1,,1,1,1,0,1,0,0
1445162,BYDDF,2021-04,1,1,1,,,,,2,2,,16,0,0,6,0,1,0
1472787,FAF,2021-04,1,1,1,,,,,83,83,,24,0,0,2,0,1,0
1493318,ETOR,2021-04,3,1,3,,,,,42,14,,20,0,0,2,0,0,3
1499422,RBB,2021-04,2,1,2,,,,,4,2,,0,0,1,0,1,1,0
1507079,FND,2021-04,1,1,1,,,,,11,11,,16,0,1,0,0,1,0
1509646,FENG,2021-04,3,1,3,,,,,24,8,,12,0,1,0,1,0,2
1512673,XYZ,2021-04,2,2,2,,,,,19,11,,24,0,0,2,0,2,0
1515317,MAGE,2021-04,1,1,1,,,,,106,106,,27,0,0,6,0,0,1
1529192,VIPS,2021-04,1,1,1,,,,,5,5,,12,0,1,0,0,1,0
1551152,ABBV,2021-04,1,1,1,,,,,5,5,,2,0,0,2,0,1,0
1569650,OZK,2021-04,3,2,3,,,,,6,5,,13,1,1,0,0,1,2
1575515,SFM,2021-04,2,2,2,,,,,25,20,,53,0,0,2,1,1,0
1577552,BABA,2021-04,16,6,16,,,,,686,149,,362,2,0,43,0,4,12
1577568,HEXEY,2021-04,1,0,1,,,,,1,1,,11,0,1,0,0,0,1
1580670,LGIH,2021-04,3,1,3,,,,,24,8,,13,0,0,35,3,0,0
1585389,SMA,2021-04,1,1,1,,,,,5,5,,5,0,0,2,0,1,0
1590584,CVEO,2021-04,2,1,2,,,,,8,4,,1,0,1,0,0,2,0
1594805,SHOP,2021-04,2,2,2,,,,,63,47,,55,0,0,11,0,0,2
1600983,KSCP,2021-04,1,1,1,,,,,0,0,,4,0,1,0,0,0,1
1601712,SYF,2021-04,2,1,2,,,,,0,0,,1,0,1,0,0,1,1
1610820,BCTX,2021-04,7,1,7,,,,,35,5,,4,0,1,0,0,1,6
1611005,KEN,2021-04,3,1,3,,,,,18,6,,7,0,1,0,0,0,3
1626115,PJT,2021-04,18,1,18,,,,,18,1,,0,0,1,0,0,18,0
1631761,YRD,2021-04,2,1,2,,,,,12,6,,9,0,1,0,0,1,1
1633917,PYPL,2021-04,1,1,1,,,,,160,160,,89,0,0,57,0,0,1
1637459,KHC,2021-04,9,2,9,,,,,18,4,,18,0,0,27,1,6,2
1639825,PTON,2021-04,2,0,2,,,,,0,0,,1,2,0,19,0,1,1
1647639,UPST,2021-04,1,1,1,,,,,6,6,,9,0,0,73,0,0,1
1650664,EDIT,2021-04,5,5,5,,,,,140,71,,215,0,0,12,0,5,0
1652044,GOOGL,2021-04,16,12,16,,,,,388,160,,303,2,0,74,0,2,14
1666700,DD,2021-04,2,1,2,,,,,3,2,,0,1,0,5,0,2,0
1679788,COIN,2021-04,13,2,13,,,,,1,1,,16,1,1,0,2,1,10
1692819,VST,2021-04,1,1,1,,,,,4,4,,4,0,1,0,0,0,1
1696558,JRSH,2021-04,2,1,2,,,,,22,11,,4,0,1,0,0,1,1
1705696,VICI,2021-04,1,1,1,,,,,5,5,,2,0,1,0,0,1,0
1706946,SPCE,2021-04,1,1,1,,,,,0,0,,5,0,0,12,0,1,0
1714174,BUR,2021-04,1,1,1,,,,,0,0,,9,1,0,1,0,1,0
1734722,PATH,2021-04,4,1,4,,,,,28,7,,9,0,1,0,0,0,4
1744676,TME,2021-04,3,3,3,,,,,58,41,,98,0,0,43,0,1,2
1745621,GENN,2021-04,2,1,2,,,,,4,2,,0,0,1,0,1,1,0
1754581,FUTU,2021-04,1,1,1,,,,,9,9,,7,0,1,0,0,1,0
1756699,TIGR,2021-04,1,1,1,,,,,9,9,,7,0,1,0,0,1,0
1758009,QUBT,2021-04,1,1,1,,,,,1,1,,0,0,0,3,0,0,1
1770450,XRX,2021-04,1,1,1,,,,,75,75,,83,0,0,9,0,1,0
1783879,HOOD,2021-04,2,2,2,,,,,0,0,,15,1,0,19,0,0,2
1799788,GLSI,2021-04,1,1,1,,,,,5,5,,4,0,1,0,0,1,0
1805284,RKT,2021-04,1,1,1,,,,,7,7,,12,0,0,2,0,0,1
1807389,CPOP,2021-04,1,1,1,,,,,15,15,,21,0,1,0,0,0,1
1810997,XPEV,2021-04,1,1,1,,,,,2,2,,16,0,1,0,0,0,1
1821424,UK,2021-04,2,2,2,,,,,2,1,,0,1,0,29,0,2,0
1821825,OGN,2021-04,3,1,3,,,,,381,127,,251,0,1,0,0,0,3
1826286,VINP,2021-04,1,1,1,,,,,1,1,,8,0,1,0,0,1,0
1848782,PLCKF,2021-04,6,1,6,,,,,36,6,,4,0,0,7,1,0,5
1874907,DEFG,2021-04,1,0,1,,,,,132,132,,34,0,1,0,0,0,1
1883685,DKNG,2021-04,1,1,1,,,,,20,20,,12,0,0,11,0,0,1
1916331,NCI,2021-04,1,1,1,,,,,17,17,,6,0,1,0,0,1,0
1959455,HSHP,2021-04,2,1,2,,,,,29,28,,39,0,0,5,0,0,2
1985139,LSE,2021-04,1,0,1,,,,,1,1,,0,1,0,29,0,1,0
2015034,BTC,2021-04,1,1,1,,,,,1,1,,1,1,1,0,1,0,0
2020455,ETH,2021-04,1,1,1,,,,,1,1,,1,1,1,0,1,0,0
2026053,PS,2021-04,2,2,2,,,,,33,28,,43,0,0,33,0,1,1
2039525,XRP,2021-04,1,1,1,,,,,1,1,,1,1,0,2,1,0,0
2081690,VECA,2021-04,1,1,1,,,,,57,57,,13,0,1,0,0,0,1
3570,LNG,2021-05,1,1,1,,,,,1,1,,4,0,0,4,0,1,0
6201,AAL,2021-05,1,1,1,,,,,8,8,,17,0,0,4,0,0,1
6951,AMAT,2021-05,1,1,1,,,,,0,0,,2,1,1,0,1,0,0
10329,BSET,2021-05,1,1,1,,,,,6,6,,5,0,1,0,0,1,0
18926,LUMN,2021-05,1,1,1,,,,,8,8,,15,0,0,5,0,1,0
19617,JPM,2021-05,7,4,7,,,,,110,36,,78,0,0,31,0,7,0
21076,CLX,2021-05,3,2,3,,,,,56,50,,60,0,0,3,0,0,3
21344,KO,2021-05,1,1,1,,,,,15,15,,2,0,0,64,1,0,0
22444,CMC,2021-05,3,1,3,,,,,63,21,,34,0,1,0,0,3,0
27419,TGT,2021-05,15,11,15,,,,,159,36,,125,1,0,74,0,0,15
29534,DG,2021-05,5,1,5,,,,,132,31,,39,0,0,4,0,4,1
34088,,2021-05,1,1,1,,,,,14,14,,21,0,0,71,0,0,1
36104,USB,2021-05,1,1,1,,,,,4,4,,8,0,0,3,0,1,0
40729,ALLY,2021-05,5,1,5,,,,,100,20,,20,0,1,0,0,3,2
46080,HAS,2021-05,1,1,1,,,,,3,3,,4,0,1,0,0,0,1
46765,HP,2021-05,3,1,3,,,,,21,7,,3,0,1,0,0,2,1
50863,INTC,2021-05,10,4,10,,,,,413,241,,62,0,0,97,2,0,8
56873,KR,2021-05,3,1,3,,,,,21,7,,11,0,0,8,3,0,0
63330,MLP,2021-05,1,1,1,,,,,8,8,,5,0,1,0,0,1,0
65984,ETR,2021-05,1,1,1,,,,,2,2,,2,0,0,6,0,1,0
70858,BAC,2021-05,8,4,8,,,,,150,36,,84,0,0,14,0,8,0
72971,WFC,2021-05,11,4,11,,,,,168,36,,78,0,0,8,0,11,0
78003,PFE,2021-05,1,1,1,,,,,8,8,,15,0,0,56,0,1,0
89089,SCI,2021-05,1,1,1,,,,,0,0,,1,1,1,0,1,0,0
91668,SODI,2021-05,3,1,3,,,,,3,1,,0,0,1,0,0,1,2
93410,CVX,2021-05,3,1,3,,,,,80,36,,36,0,0,14,0,1,2
93751,STT,2021-05,1,1,1,,,,,14,14,,21,0,0,1,0,0,1
94344,STC,2021-05,1,1,1,,,,,13,13,,16,0,1,0,1,0,0
96021,SYY,2021-05,1,1,1,,,,,8,8,,15,0,1,0,0,1,0
100517,UAL,2021-05,1,1,1,,,,,8,8,,15,0,0,12,0,1,0
100726,UFI,2021-05,1,1,1,,,,,9,9,,10,0,1,0,0,1,0
104169,WMT,2021-05,12,3,12,,,,,86,31,,81,0,0,60,0,3,9
200406,JNJ,2021-05,1,1,1,,,,,0,0,,2,0,0,11,0,1,0
216085,HVT,2021-05,1,1,1,,,,,6,6,,2,0,1,0,0,1,0
310158,MRK,2021-05,1,1,1,,,,,8,8,,15,0,0,4,0,1,0
316709,SCHW,2021-05,1,1,1,,,,,3,3,,8,0,0,31,0,0,1
320193,AAPL,2021-05,18,4,18,,,,,174,36,,95,2,0,74,0,4,14
350698,AN,2021-05,19,1,19,,,,,57,3,,10,0,1,0,0,3,16
354950,HD,2021-05,1,1,1,,,,,4,4,,3,0,0,9,0,0,1
701818,KGC,2021-05,1,1,1,,,,,2,2,,41,0,0,1,0,0,1
718940,BCE,2021-05,1,1,1,,,,,16,16,,16,0,1,0,0,1,0
721693,CREG,2021-05,2,1,2,,,,,8,4,,11,0,0,3,2,0,0
732026,TRT,2021-05,1,1,1,,,,,4,4,,11,0,1,0,0,1,0
732712,VZ,2021-05,17,6,17,,,,,559,83,,207,0,0,97,0,10,7
732717,T,2021-05,1,1,1,,,,,19,19,,29,0,0,30,1,0,0
733099,RCI,2021-05,1,1,1,,,,,16,16,,16,0,0,4,0,0,1
740260,VTR,2021-05,1,1,1,,,,,7,7,,23,0,0,4,0,1,0
764065,CLF,2021-05,1,1,1,,,,,6,6,,3,0,1,0,0,1,0
764478,BBY,2021-05,2,1,2,,,,,14,7,,24,0,0,3,0,0,2
789019,MSFT,2021-05,14,5,14,,,,,178,27,,119,0,0,74,0,6,8
799292,MHO,2021-05,2,2,2,,,,,17,15,,11,0,1,0,1,1,0
804328,QCOM,2021-05,2,0,2,,,,,2,1,,0,2,0,53,1,0,1
807882,JACK,2021-05,1,1,1,,,,,164,164,,36,0,1,0,0,1,0
814453,NWL,2021-05,1,1,1,,,,,15,15,,41,0,0,26,0,0,1
815097,CCL,2021-05,3,2,3,,,,,130,61,,27,0,0,38,0,3,0
823768,WM,2021-05,2,1,2,,,,,28,14,,21,0,0,5,0,1,1
829224,SBUX,2021-05,5,4,5,,,,,73,40,,32,0,0,57,1,0,4
831001,C,2021-05,4,1,4,,,,,144,36,,24,0,0,14,0,2,2
858877,CSCO,2021-05,2,2,2,,,,,9,8,,18,0,0,31,0,1,1
868675,TU,2021-05,1,1,1,,,,,10,10,,34,0,0,3,0,0,1
882184,DHI,2021-05,3,3,3,,,,,24,13,,31,0,0,49,1,2,0
884887,RCL,2021-05,3,1,3,,,,,183,61,,12,0,1,0,0,2,1
886982,GS,2021-05,3,3,3,,,,,7,4,,13,0,0,60,0,0,3
895421,MS,2021-05,1,1,1,,,,,9,9,,5,1,0,49,0,0,1
897322,GILT,2021-05,1,1,1,,,,,0,0,,0,0,0,3,0,0,1
899051,ALL,2021-05,2,1,2,,,,,26,13,,21,0,0,6,0,0,2
899689,VNO,2021-05,1,1,1,,,,,9,9,,10,0,1,0,0,1,0
906553,BYD,2021-05,3,1,3,,,,,3,1,,4,0,0,8,0,3,0
909832,COST,2021-05,3,2,3,,,,,55,27,,81,0,0,59,0,1,2
910612,CBL,2021-05,10,1,10,,,,,20,2,,4,0,1,0,0,10,0
913142,BDC,2021-05,1,1,1,,,,,6,6,,4,0,1,0,0,1,0
913353,CIGI,2021-05,1,0,1,,,,,1,1,,0,1,1,0,0,0,1
916365,TSCO,2021-05,1,1,1,,,,,3,3,,0,0,1,0,0,1,0
916793,SILC,2021-05,3,1,3,,,,,4,2,,7,0,1,0,1,1,1
923796,GEO,2021-05,5,3,5,,,,,181,86,,111,1,0,3,1,4,0
924805,FRHC,2021-05,1,1,1,,,,,5,5,,11,0,1,0,0,1,0
930157,RTO,2021-05,1,1,1,,,,,1,1,,4,0,1,0,0,1,0
931427,TGS,2021-05,1,1,1,,,,,1,1,,4,0,1,0,0,1,0
932696,NSIT,2021-05,1,1,1,,,,,9,9,,10,0,1,0,0,1,0
935703,DLTR,2021-05,1,0,1,,,,,31,31,,24,0,0,59,0,1,0
936468,LMT,2021-05,3,2,3,,,,,14,8,,34,0,0,5,0,2,1
940944,DRI,2021-05,1,1,1,,,,,53,53,,8,0,1,0,0,0,1
948708,SMSI,2021-05,3,1,3,,,,,3,1,,3,0,1,0,1,2,0
1001290,BAP,2021-05,1,1,1,,,,,2,2,,41,0,1,0,0,0,1
1002638,OTEX,2021-05,2,1,2,,,,,4,2,,3,0,1,0,1,0,1
1013605,PDS,2021-05,4,1,4,,,,,656,164,,36,0,0,4,0,2,2
1014473,VRSN,2021-05,1,1,1,,,,,8,8,,17,0,1,0,0,0,1
1018724,AMZN,2021-05,10,7,10,,,,,94,34,,80,1,0,72,0,2,8
1020859,UNFI,2021-05,5,0,5,,,,,160,77,,49,0,0,2,0,3,2
1032975,LOGI,2021-05,1,1,1,,,,,50,50,,51,0,0,3,0,0,1
1038683,RYAAY,2021-05,1,1,1,,,,,40,40,,11,0,1,0,0,0,1
1045609,PLD,2021-05,1,1,1,,,,,7,7,,23,0,1,0,0,1,0
1045810,NVDA,2021-05,2,1,2,,,,,14,7,,24,0,0,59,0,2,0
1047127,AMKR,2021-05,3,1,3,,,,,15,5,,10,0,1,0,0,1,2
1050915,PWR,2021-05,3,1,3,,,,,6,2,,4,0,1,0,1,1,1
1063761,SPG,2021-05,1,1,1,,,,,8,8,,15,0,0,6,0,1,0
1065280,NFLX,2021-05,1,1,1,,,,,0,0,,1,1,0,37,0,0,1
1067839,QQQ,2021-05,3,1,3,,,,,27,9,,10,0,0,5,0,3,0
1067983,BRK-B,2021-05,20,10,20,,,,,1281,307,,256,4,0,72,0,2,18
1070524,GCBC,2021-05,1,1,1,,,,,6,6,,4,0,1,0,0,1,0
1070985,CXW,2021-05,3,2,3,,,,,569,283,,94,0,0,2,0,1,2
1085243,VTSI,2021-05,3,1,3,,,,,3,1,,3,0,1,0,1,2,0
1089063,DKS,2021-05,1,1,1,,,,,5,5,,8,0,1,0,1,0,0
1091667,CHTR,2021-05,1,1,1,,,,,16,16,,16,0,0,2,0,1,0
1094517,TM,2021-05,2,1,2,,,,,166,83,,57,0,1,0,0,2,0
1096343,MKL,2021-05,1,1,1,,,,,3,3,,6,0,0,74,0,1,0
1099590,MELI,2021-05,1,1,1,,,,,3,3,,4,0,1,0,0,0,1
1122904,NTGR,2021-05,1,1,1,,,,,1,1,,5,0,1,0,0,0,1
1128361,HOPE,2021-05,28,1,28,,,,,420,15,,6,0,1,0,7,1,20
1133421,NOC,2021-05,1,1,1,,,,,1,1,,4,0,0,5,0,1,0
1142417,NXST,2021-05,2,0,2,,,,,236,118,,79,0,0,1,0,1,1
1166691,CMCSA,2021-05,1,1,1,,,,,10,10,,34,0,0,30,0,1,0
1275158,NDLS,2021-05,7,1,7,,,,,245,35,,21,0,1,0,0,7,0
1276187,ET,2021-05,9,2,9,,,,,65,8,,5,0,1,0,0,7,2
1278211,LGI,2021-05,1,0,1,,,,,118,118,,79,0,1,0,0,1,0
1278680,IAU,2021-05,2,1,2,,,,,566,283,,88,0,0,41,0,0,2
1283699,TMUS,2021-05,2,1,2,,,,,32,16,,16,0,0,3,0,2,0
1289419,MORN,2021-05,2,2,2,,,,,11,8,,23,0,0,63,0,0,2
1295401,TBBK,2021-05,4,1,4,,,,,16,4,,8,0,0,4,0,0,4
1303523,BTI,2021-05,1,1,1,,,,,12,12,,13,0,0,8,0,1,0
1308208,ULH,2021-05,6,1,6,,,,,108,18,,12,0,1,0,0,5,1
1318605,TSLA,2021-05,6,6,6,,,,,55,16,,39,1,0,56,0,0,6
1320375,BOE,2021-05,1,1,1,,,,,1,1,,4,0,1,0,0,1,0
1326380,GME,2021-05,9,3,9,,,,,1063,164,,169,0,0,18,0,5,4
1326801,META,2021-05,5,2,5,,,,,12,8,,18,0,0,45,0,0,5
1328792,TPCS,2021-05,2,1,2,,,,,2,1,,3,0,1,0,1,1,0
1329099,BIDU,2021-05,2,2,2,,,,,9,5,,4,0,0,61,0,0,2
1336917,UAA,2021-05,2,1,2,,,,,42,21,,25,0,1,0,0,0,2
1360442,DOGP,2021-05,1,1,1,,,,,4,4,,13,0,0,3,0,0,1
1370755,TCPC,2021-05,2,1,2,,,,,12,6,,4,0,1,0,1,0,1
1381197,IBKR,2021-05,1,1,1,,,,,3,3,,8,0,0,5,0,0,1
1384195,REI,2021-05,1,1,1,,,,,23,23,,58,0,1,0,0,1,0
1404912,KKR,2021-05,6,1,6,,,,,12,2,,1,0,0,27,0,6,0
1411690,BNGO,2021-05,1,1,1,,,,,23,23,,19,0,1,0,0,0,1
1415311,AGQ,2021-05,4,1,4,,,,,1132,283,,88,0,1,0,0,0,4
1428439,ROKU,2021-05,2,1,2,,,,,56,28,,15,0,1,0,1,1,0
1464790,RILY,2021-05,1,0,1,,,,,118,118,,79,0,1,0,0,1,0
1472033,JTGEY,2021-05,4,1,4,,,,,115,36,,47,0,0,59,0,0,4
1474627,NEGG,2021-05,3,2,3,,,,,13,6,,4,1,1,0,0,1,2
1479094,STAG,2021-05,1,1,1,,,,,7,7,,23,0,0,3,0,1,0
1490281,GRPN,2021-05,2,1,2,,,,,8,4,,3,0,1,0,0,0,2
1493761,TBCH,2021-05,1,1,1,,,,,12,12,,14,0,1,0,0,0,1
1504619,PFLT,2021-05,1,1,1,,,,,6,6,,4,0,1,0,1,0,0
1508655,TSLX,2021-05,5,1,5,,,,,30,6,,4,0,1,0,3,0,2
1512499,LIND,2021-05,5,2,5,,,,,253,61,,22,0,1,0,0,4,1
1513363,FDUS,2021-05,2,1,2,,,,,12,6,,4,0,1,0,1,0,1
1513761,NCLH,2021-05,2,1,2,,,,,122,61,,12,0,1,0,0,1,1
1517375,SPT,2021-05,1,1,1,,,,,0,0,,3,1,1,0,0,0,1
1525769,PLAY,2021-05,1,1,1,,,,,35,35,,21,0,1,0,0,1,0
1551152,ABBV,2021-05,1,1,1,,,,,8,8,,15,0,0,3,0,1,0
1552000,MPLX,2021-05,4,1,4,,,,,32,8,,5,0,1,0,0,4,0
1552198,WHF,2021-05,1,1,1,,,,,1,1,,0,0,1,0,0,0,1
1575515,SFM,2021-05,8,1,8,,,,,56,7,,11,0,0,3,6,1,1
1577552,BABA,2021-05,38,15,38,,,,,2315,127,,754,2,0,44,4,5,29
1577568,HEXEY,2021-05,2,2,2,,,,,25,17,,18,0,0,1,0,0,2
1579733,VITL,2021-05,1,1,1,,,,,2,2,,41,0,1,0,0,0,1
1580345,TPVG,2021-05,2,1,2,,,,,12,6,,4,0,1,0,1,0,1
1580670,LGIH,2021-05,2,0,2,,,,,236,118,,79,0,0,36,0,1,1
1587987,NEWT,2021-05,1,1,1,,,,,6,6,,4,0,1,0,1,0,0
1601712,SYF,2021-05,2,1,2,,,,,28,14,,21,0,0,1,0,1,1
1604778,QRVO,2021-05,1,1,1,,,,,11,11,,7,0,0,3,0,0,1
1611547,UE,2021-05,1,1,1,,,,,22,22,,6,0,1,0,0,1,0
1614806,RPT,2021-05,2,1,2,,,,,566,283,,88,0,1,0,0,2,0
1616543,SENS,2021-05,1,1,1,,,,,0,0,,2,1,1,0,1,0,0
1618756,QSR,2021-05,1,1,1,,,,,11,11,,7,0,0,5,0,0,1
1620393,NXRT,2021-05,2,1,2,,,,,328,164,,36,0,1,0,0,1,1
1630113,BTCY,2021-05,8,1,8,,,,,8,1,,1,0,0,2,0,1,7
1633917,PYPL,2021-05,2,2,2,,,,,29,27,,60,0,0,58,0,1,1
1633978,LITE,2021-05,6,1,6,,,,,48,10,,34,0,1,0,0,2,4
1637459,KHC,2021-05,1,1,1,,,,,2,2,,41,0,0,28,0,0,1
1639825,PTON,2021-05,3,2,3,,,,,32,14,,34,0,0,20,0,0,3
1643303,NNDM,2021-05,5,1,5,,,,,115,23,,19,0,0,3,0,2,3
1650664,EDIT,2021-05,2,2,2,,,,,13,13,,78,0,0,13,0,2,0
1652044,GOOGL,2021-05,11,7,11,,,,,155,61,,156,1,0,75,0,0,11
1666700,DD,2021-05,3,2,3,,,,,47,42,,24,0,0,6,0,3,0
1669811,DFIN,2021-05,2,0,2,,,,,79,77,,48,0,1,0,0,0,2
1679920,SATLF,2021-05,1,0,1,,,,,11,11,,26,0,0,64,0,0,1
1690820,CVNA,2021-05,1,1,1,,,,,9,9,,21,0,1,0,0,0,1
1722608,IQ,2021-05,1,1,1,,,,,5,5,,2,0,1,0,0,0,1
1729173,UXIN,2021-05,1,1,1,,,,,1,1,,0,1,1,0,0,1,0
1730168,AVGO,2021-05,1,1,1,,,,,4,4,,13,0,0,4,0,1,0
1731348,TLRY,2021-05,1,1,1,,,,,3,3,,13,0,0,4,0,1,0
1734722,PATH,2021-05,2,1,2,,,,,20,10,,34,0,0,1,0,1,1
1736541,NIO,2021-05,1,1,1,,,,,5,5,,4,0,0,29,0,1,0
1737806,PDD,2021-05,1,1,1,,,,,79,79,,65,0,1,0,0,1,0
1743759,CRSR,2021-05,2,1,2,,,,,100,50,,51,0,0,2,0,0,2
1744489,DIS,2021-05,5,3,5,,,,,140,61,,80,0,0,30,0,0,5
1744676,TME,2021-05,3,3,3,,,,,140,127,,134,0,0,44,0,0,3
1750106,AEI,2021-05,2,1,2,,,,,10,5,,8,0,1,0,0,2,0
1754088,MPNGF,2021-05,1,1,1,,,,,22,22,,25,0,1,0,0,0,1
1757840,INDO,2021-05,3,1,3,,,,,0,0,,3,0,1,0,2,0,1
1758021,KRT,2021-05,2,1,2,,,,,20,10,,34,0,1,0,0,1,1
1759631,HYLN,2021-05,1,1,1,,,,,0,0,,0,0,1,0,0,0,1
1766400,PNTG,2021-05,1,1,1,,,,,6,6,,4,0,1,0,0,0,1
1766600,SNDL,2021-05,1,1,1,,,,,9,9,,5,1,1,0,0,1,0
1768666,BSTZ,2021-05,1,1,1,,,,,14,14,,21,0,0,27,0,0,1
1783398,UWMC,2021-05,1,1,1,,,,,0,0,,5,0,0,3,0,1,0
1783879,HOOD,2021-05,3,1,3,,,,,377,374,,184,2,0,20,0,0,3
1788257,BWMX,2021-05,38,1,38,,,,,114,3,,4,0,1,0,0,3,35
1792789,DASH,2021-05,1,0,1,,,,,1,1,,1,1,0,5,0,0,1
1793659,RSI,2021-05,1,1,1,,,,,0,0,,1,1,0,4,0,1,0
1808805,NAUT,2021-05,5,1,5,,,,,70,14,,19,0,1,0,0,0,5
1811074,TPL,2021-05,1,1,1,,,,,3,3,,6,0,0,3,0,1,0
1817358,ASO,2021-05,10,1,10,,,,,20,2,,1,0,1,0,1,9,0
1818874,SOFI,2021-05,1,1,1,,,,,2,2,,0,0,1,0,1,0,0
1823466,NOTE,2021-05,1,1,1,,,,,18,18,,12,0,0,10,0,1,0
1831631,LDI,2021-05,1,1,1,,,,,6,6,,5,0,1,0,0,1,0
1833835,PSFE,2021-05,3,2,3,,,,,13,9,,15,2,1,0,1,1,1
1883685,DKNG,2021-05,1,1,1,,,,,8,8,,15,0,0,12,0,1,0
1959455,HSHP,2021-05,1,1,1,,,,,116,116,,39,0,0,6,0,0,1
1985139,LSE,2021-05,2,2,2,,,,,24,21,,36,0,0,30,0,2,0
2003977,CRE,2021-05,1,1,1,,,,,15,15,,6,0,1,0,0,1,0
2020795,UNIT,2021-05,2,1,2,,,,,566,283,,88,0,0,3,0,0,2
2034288,RMGL,2021-05,1,1,1,,,,,34,34,,20,0,1,0,0,0,1
2040491,ASIC,2021-05,1,1,1,,,,,21,21,,34,0,0,2,0,1,0
2046370,UPX,2021-05,1,1,1,,,,,96,96,,110,0,0,4,0,0,1
2053641,ETS,2021-05,1,1,1,,,,,4,4,,1,0,1,0,0,1,0
2115436,XOM,2021-05,10,1,10,,,,,140,14,,21,0,0,75,1,1,8
4962,AXP,2021-06,2,1,2,,,,,20,10,,5,0,0,75,0,1,1
5272,AIG,2021-06,1,1,1,,,,,208,208,,30,0,0,28,0,1,0
9631,BNS,2021-06,1,1,1,,,,,12,12,,23,0,1,0,0,1,0
12927,BA,2021-06,1,1,1,,,,,118,118,,34,0,0,47,0,0,1
18926,LUMN,2021-06,2,1,2,,,,,6,3,,3,0,0,6,0,1,1
19617,JPM,2021-06,1,1,1,,,,,5,5,,46,0,0,32,0,1,0
19871,CVR,2021-06,10,1,10,,,,,40,4,,8,0,1,0,0,10,0
21076,CLX,2021-06,6,1,6,,,,,349,67,,85,0,0,4,2,0,4
21344,KO,2021-06,5,3,5,,,,,150,110,,71,0,0,65,1,1,3
26058,CTS,2021-06,1,1,1,,,,,29,29,,14,0,1,0,0,1,0
27419,TGT,2021-06,36,18,36,,,,,632,83,,544,1,0,75,1,0,35
29905,DOV,2021-06,1,1,1,,,,,5,5,,46,0,1,0,0,1,0
40545,GE,2021-06,1,1,1,,,,,91,91,,23,0,0,26,0,0,1
40704,GIS,2021-06,1,1,1,,,,,6,6,,13,0,1,0,0,1,0
40729,ALLY,2021-06,3,1,3,,,,,168,56,,36,0,0,1,2,1,0
50863,INTC,2021-06,2,2,2,,,,,6,5,,53,0,0,98,0,1,1
60667,LOW,2021-06,1,0,1,,,,,48,48,,26,0,0,6,0,1,0
63330,MLP,2021-06,1,1,1,,,,,4,4,,8,0,0,1,0,1,0
64040,SPGI,2021-06,1,1,1,,,,,5,5,,22,0,1,0,0,1,0
64803,CVS,2021-06,1,1,1,,,,,3,3,,12,0,0,5,0,0,1
70858,BAC,2021-06,1,1,1,,,,,2,2,,15,0,0,15,1,0,0
73309,NUE,2021-06,1,1,1,,,,,89,89,,21,0,0,59,0,0,1
77476,PEP,2021-06,1,1,1,,,,,1,1,,7,0,0,14,0,0,1
78003,PFE,2021-06,1,1,1,,,,,5,5,,22,0,0,57,0,1,0
88948,SENEA,2021-06,7,2,7,,,,,38,6,,18,0,0,3,1,2,4
93389,SMP,2021-06,12,1,12,,,,,348,29,,14,0,1,0,0,11,1
96021,SYY,2021-06,1,1,1,,,,,6,6,,13,0,0,1,0,1,0
96223,JEF,2021-06,1,1,1,,,,,0,0,,4,0,0,4,0,0,1
100493,TSN,2021-06,1,1,1,,,,,6,6,,13,0,0,5,0,1,0
104169,WMT,2021-06,21,6,21,,,,,199,91,,70,0,0,61,0,4,17
107687,WGO,2021-06,2,2,2,,,,,2,1,,0,2,1,0,1,0,1
200406,JNJ,2021-06,1,1,1,,,,,5,5,,22,0,0,12,0,1,0
310158,MRK,2021-06,9,3,9,,,,,226,66,,48,0,0,5,1,8,0
320193,AAPL,2021-06,31,14,31,,,,,348,68,,429,0,0,75,0,9,22
350698,AN,2021-06,2,1,2,,,,,0,0,,3,0,0,1,1,0,1
354950,HD,2021-06,62,2,62,,,,,356,51,,22,0,0,10,0,7,55
355811,GNTX,2021-06,1,1,1,,,,,29,29,,14,0,1,0,0,1,0
712537,FCF,2021-06,1,1,1,,,,,11,11,,2,0,0,76,0,1,0
717720,VALU,2021-06,3,1,3,,,,,21,7,,1,0,0,36,0,0,3
731766,UNH,2021-06,1,0,1,,,,,48,48,,26,0,0,6,0,1,0
731802,ATO,2021-06,1,1,1,,,,,0,0,,1,0,0,5,0,1,0
732712,VZ,2021-06,16,5,16,,,,,691,68,,215,0,0,98,1,2,13
737758,TTC,2021-06,1,1,1,,,,,77,77,,17,0,1,0,0,1,0
763744,LCII,2021-06,1,1,1,,,,,29,29,,14,0,1,0,0,1,0
764065,CLF,2021-06,19,1,19,,,,,1691,89,,21,0,0,1,2,17,0
764180,MO,2021-06,4,1,4,,,,,44,11,,18,0,0,17,0,3,1
789019,MSFT,2021-06,8,5,8,,,,,76,48,,154,0,0,75,0,0,8
795266,KBH,2021-06,1,1,1,,,,,5,5,,4,0,0,4,0,1,0
796343,ADBE,2021-06,4,1,4,,,,,112,28,,31,0,0,27,0,3,1
797468,OXY,2021-06,1,1,1,,,,,91,91,,23,0,0,19,0,0,1
798354,FISV,2021-06,7,2,7,,,,,61,10,,7,1,0,5,1,6,0
811809,BHP,2021-06,1,1,1,,,,,20,20,,8,0,1,0,0,1,0
829224,SBUX,2021-06,2,1,2,,,,,48,48,,29,0,0,58,0,2,0
832480,UTGN,2021-06,2,1,2,,,,,8,4,,1,0,1,0,0,2,0
845877,AGM,2021-06,1,1,1,,,,,208,208,,30,0,1,0,0,1,0
862831,FISI,2021-06,2,2,2,,,,,11,9,,46,0,0,10,0,0,2
875045,BIIB,2021-06,5,2,5,,,,,22,6,,11,1,0,9,0,0,5
886128,FCEL,2021-06,1,1,1,,,,,5,5,,46,0,0,6,0,1,0
886982,GS,2021-06,1,1,1,,,,,187,187,,82,0,0,61,0,0,1
895728,ENB,2021-06,1,1,1,,,,,12,12,,23,0,0,4,0,1,0
897421,NPV,2021-06,1,1,1,,,,,3,3,,4,0,0,15,0,1,0
903129,THRM,2021-06,1,1,1,,,,,29,29,,14,0,1,0,0,1,0
908255,BWA,2021-06,1,1,1,,,,,29,29,,14,0,1,0,0,1,0
909832,COST,2021-06,3,2,3,,,,,20,10,,9,0,0,60,0,1,2
918251,MPAA,2021-06,1,1,1,,,,,29,29,,14,0,1,0,0,1,0
923796,GEO,2021-06,7,2,7,,,,,1063,259,,193,0,0,4,4,3,0
931148,EAF,2021-06,3,1,3,,,,,267,89,,21,0,1,0,0,3,0
936468,LMT,2021-06,3,1,3,,,,,69,23,,5,0,0,6,2,0,1
1013237,FDS,2021-06,1,0,1,,,,,3,3,,3,1,0,12,0,0,1
1015922,CHKP,2021-06,1,1,1,,,,,15,15,,12,0,1,0,0,1,0
1016178,CARV,2021-06,2,1,2,,,,,0,0,,3,2,1,0,0,1,1
1018724,AMZN,2021-06,35,15,35,,,,,907,186,,306,0,0,73,0,6,29
1023128,LAD,2021-06,9,1,9,,,,,0,0,,3,0,1,0,4,0,5
1032975,LOGI,2021-06,5,1,5,,,,,55,11,,4,0,0,4,0,0,5
1045810,NVDA,2021-06,4,2,4,,,,,68,48,,40,0,0,60,0,2,2
1046568,PRDO,2021-06,5,1,5,,,,,32,10,,6,2,0,9,1,1,3
1047127,AMKR,2021-06,1,1,1,,,,,1,1,,1,1,0,1,0,0,1
1065280,NFLX,2021-06,2,1,2,,,,,116,58,,37,0,0,38,0,0,2
1067839,QQQ,2021-06,2,1,2,,,,,20,10,,52,0,0,6,0,2,0
1067983,BRK-B,2021-06,40,11,40,,,,,2732,273,,387,1,0,73,1,2,37
1070985,CXW,2021-06,11,1,11,,,,,99,9,,31,0,0,3,5,1,5
1071739,CNC,2021-06,2,1,2,,,,,2,1,,0,2,0,4,1,0,1
1072379,NWBO,2021-06,1,1,1,,,,,1,1,,1,1,1,0,1,0,0
1099590,MELI,2021-06,4,1,4,,,,,80,20,,5,0,0,1,0,3,1
1121484,OIS,2021-06,1,1,1,,,,,2,2,,1,0,1,0,0,1,0
1131399,GSK,2021-06,1,1,1,,,,,1,1,,0,1,0,3,0,1,0
1137774,PRU,2021-06,3,1,3,,,,,9,3,,7,0,0,5,0,2,1
1141391,MA,2021-06,1,0,1,,,,,48,48,,26,0,0,60,0,1,0
1160106,LYG,2021-06,1,1,1,,,,,2,2,,15,0,0,31,1,0,0
1170010,KMX,2021-06,2,1,2,,,,,0,0,,3,0,1,0,0,0,2
1243429,MT,2021-06,1,1,1,,,,,89,89,,21,0,1,0,0,0,1
1257640,KRO,2021-06,1,1,1,,,,,11,11,,18,0,0,6,0,0,1
1274494,FSLR,2021-06,1,1,1,,,,,5,5,,46,0,0,47,0,1,0
1276520,GNW,2021-06,2,1,2,,,,,8,4,,9,0,1,0,0,0,2
1278027,BGS,2021-06,1,1,1,,,,,6,6,,13,0,1,0,0,1,0
1289419,MORN,2021-06,5,4,5,,,,,128,68,,143,0,0,64,0,0,5
1303523,BTI,2021-06,6,3,6,,,,,86,24,,66,0,0,9,2,4,0
1318605,TSLA,2021-06,13,4,13,,,,,999,119,,107,0,0,57,1,3,9
1321655,PLTR,2021-06,1,1,1,,,,,3,3,,10,0,0,8,0,0,1
1325702,MX,2021-06,1,1,1,,,,,1,1,,0,1,0,4,0,0,1
1326380,GME,2021-06,5,4,5,,,,,543,259,,259,1,0,19,2,2,1
1326801,META,2021-06,3,3,3,,,,,14,12,,50,0,0,46,0,0,3
1331875,FNF,2021-06,1,1,1,,,,,77,77,,17,0,0,5,0,1,0
1337298,FF,2021-06,2,1,2,,,,,62,31,,12,0,1,0,0,1,1
1341439,ORCL,2021-06,1,1,1,,,,,20,20,,2,0,0,75,0,0,1
1365135,WU,2021-06,1,1,1,,,,,12,12,,25,0,1,0,0,0,1
1368265,CLNE,2021-06,1,1,1,,,,,5,5,,46,0,0,6,0,1,0
1368519,NOA,2021-06,2,1,2,,,,,0,0,,1,0,1,0,0,2,0
1371285,TRUP,2021-06,2,1,2,,,,,0,0,,4,0,0,47,0,1,1
1376139,CVI,2021-06,3,1,3,,,,,12,4,,8,0,1,0,1,0,2
1408198,MSCI,2021-06,4,1,4,,,,,16,4,,9,0,1,0,0,4,0
1413329,PM,2021-06,2,1,2,,,,,22,11,,18,0,0,4,0,2,0
1414932,OCSL,2021-06,1,1,1,,,,,51,51,,21,0,0,59,0,0,1
1415921,NMM,2021-06,1,1,1,,,,,6,6,,13,1,1,0,1,0,0
1424929,FOXF,2021-06,1,1,1,,,,,29,29,,14,0,1,0,0,1,0
1425292,UAN,2021-06,22,1,22,,,,,88,4,,8,0,1,0,6,9,7
1454147,LOIMF,2021-06,1,1,1,,,,,51,51,,21,0,0,60,0,0,1
1463208,TLSS,2021-06,1,1,1,,,,,11,11,,2,1,1,0,0,1,0
1467373,ACN,2021-06,1,0,1,,,,,48,48,,26,0,0,11,0,1,0
1469367,RUN,2021-06,1,1,1,,,,,2,2,,1,0,1,0,0,0,1
1472787,FAF,2021-06,1,1,1,,,,,77,77,,17,0,0,4,0,1,0
1512499,LIND,2021-06,2,1,2,,,,,12,6,,0,0,0,1,0,0,2
1512673,XYZ,2021-06,2,1,2,,,,,125,119,,59,0,0,4,2,0,0
1527636,ATHM,2021-06,6,3,6,,,,,33,7,,26,0,1,0,0,4,2
1528849,RH,2021-06,2,1,2,,,,,28,14,,15,0,1,0,0,2,0
1529192,VIPS,2021-06,1,1,1,,,,,43,43,,122,0,0,2,0,1,0
1559720,ABNB,2021-06,2,2,2,,,,,15,10,,16,0,0,4,0,2,0
1576940,CCS,2021-06,5,2,5,,,,,8,4,,18,1,0,3,0,4,1
1577552,BABA,2021-06,32,10,32,,,,,394,43,,386,3,0,45,2,13,17
1580490,IONI,2021-06,1,0,1,,,,,0,0,,7,1,1,0,0,1,0
1584549,VFF,2021-06,3,1,3,,,,,39,13,,7,0,0,3,2,0,1
1594805,SHOP,2021-06,4,2,4,,,,,65,20,,6,0,0,13,0,2,2
1597033,SABR,2021-06,3,2,3,,,,,3,1,,2,0,1,0,0,3,0
1610601,MOMO,2021-06,1,1,1,,,,,0,0,,2,1,0,4,0,1,0
1611647,FRPT,2021-06,2,1,2,,,,,0,0,,4,0,0,4,0,1,1
1618835,EVFM,2021-06,2,1,2,,,,,0,0,,3,2,1,0,0,1,1
1625414,BZUN,2021-06,2,1,2,,,,,86,43,,122,0,1,0,0,0,2
1627475,UPWK,2021-06,1,1,1,,,,,2,2,,8,0,0,4,0,0,1
1633917,PYPL,2021-06,3,1,3,,,,,0,0,,1,0,0,59,0,1,2
1637459,KHC,2021-06,2,1,2,,,,,20,10,,5,0,0,29,0,1,1
1639825,PTON,2021-06,1,1,1,,,,,0,0,,4,0,0,21,0,0,1
1647639,UPST,2021-06,1,1,1,,,,,2,2,,0,0,0,75,0,0,1
1650664,EDIT,2021-06,1,1,1,,,,,9,9,,18,0,0,14,0,1,0
1652044,GOOGL,2021-06,13,11,13,,,,,389,186,,265,2,0,76,0,0,13
1654126,ZIM,2021-06,1,1,1,,,,,0,0,,0,1,1,0,0,1,0
1665918,USFD,2021-06,1,1,1,,,,,6,6,,13,0,1,0,0,1,0
1666700,DD,2021-06,1,1,1,,,,,221,221,,23,0,0,7,0,1,0
1668717,BUD,2021-06,1,1,1,,,,,0,0,,4,0,0,9,0,0,1
1683541,ACB,2021-06,1,1,1,,,,,13,13,,7,0,0,9,0,0,1
1684144,ZOMDF,2021-06,1,1,1,,,,,1,1,,3,1,0,3,0,0,1
1690820,CVNA,2021-06,1,1,1,,,,,0,0,,3,0,0,1,0,0,1
1706946,SPCE,2021-06,2,1,2,,,,,0,0,,18,0,0,14,0,1,1
1726173,BH-A,2021-06,2,1,2,,,,,2,1,,0,2,0,5,0,1,1
1737927,CGC,2021-06,1,1,1,,,,,13,13,,7,0,0,33,0,0,1
1743759,CRSR,2021-06,9,3,9,,,,,189,55,,176,0,0,3,0,1,8
1744489,DIS,2021-06,2,1,2,,,,,20,10,,5,0,0,31,0,1,1
1744676,TME,2021-06,6,1,6,,,,,67,12,,53,0,0,45,0,0,6
1744781,NIU,2021-06,1,0,1,,,,,1,1,,3,1,1,0,0,0,1
1750106,AEI,2021-06,1,1,1,,,,,19,19,,9,0,0,1,0,1,0
1750735,MRBK,2021-06,2,1,2,,,,,14,7,,9,0,1,0,0,2,0
1754088,MPNGF,2021-06,2,2,2,,,,,54,43,,152,0,0,1,0,0,2
1756064,OBAI,2021-06,1,1,1,,,,,119,119,,50,0,1,0,0,0,1
1757715,ATER,2021-06,12,1,12,,,,,84,7,,13,0,1,0,11,0,1
1766502,CHWY,2021-06,6,1,6,,,,,0,0,,4,0,0,4,1,1,4
1767582,LKNCY,2021-06,1,1,1,,,,,214,214,,170,0,0,19,0,0,1
1773751,HIMS,2021-06,3,1,3,,,,,0,0,,4,0,1,0,3,0,0
1791863,BEPC,2021-06,1,1,1,,,,,5,5,,8,0,1,0,0,0,1
1805284,RKT,2021-06,2,0,2,,,,,4,2,,1,2,0,4,0,1,1
1811074,TPL,2021-06,1,0,1,,,,,48,48,,26,0,0,4,0,1,0
1819574,BARK,2021-06,10,1,10,,,,,0,0,,4,0,1,0,10,0,0
1821424,UK,2021-06,1,1,1,,,,,4,4,,12,0,0,31,0,1,0
1821825,OGN,2021-06,30,4,30,,,,,566,66,,49,0,0,2,1,18,11
1823466,NOTE,2021-06,2,2,2,,,,,61,59,,19,0,0,11,0,2,0
1834584,CPNG,2021-06,1,1,1,,,,,0,0,,1,1,1,0,0,0,1
1843586,OTLY,2021-06,1,1,1,,,,,2,2,,1,0,1,0,1,0,0
1847409,HITI,2021-06,2,0,2,,,,,5,4,,0,2,1,0,0,0,2
1859392,GLXY,2021-06,1,1,1,,,,,1,1,,3,1,1,0,0,0,1
1860805,ASTL,2021-06,1,1,1,,,,,89,89,,21,0,1,0,0,0,1
1869198,LTH,2021-06,1,1,1,,,,,0,0,,4,0,0,4,0,0,1
1883685,DKNG,2021-06,2,1,2,,,,,24,23,,107,1,0,13,0,1,1
1985062,PBM,2021-06,2,1,2,,,,,4,2,,0,0,0,4,0,2,0
2024218,SMC,2021-06,1,1,1,,,,,2,2,,2,0,1,0,0,0,1
2026053,PS,2021-06,4,2,4,,,,,188,59,,37,0,0,35,0,1,3
2043630,APAC,2021-06,1,1,1,,,,,37,37,,17,0,1,0,0,1,0
2046370,UPX,2021-06,1,1,1,,,,,1,1,,3,1,0,5,0,0,1
2073893,DLMAY,2021-06,1,1,1,,,,,6,6,,11,0,1,0,0,0,1
2079292,DYOR,2021-06,1,1,1,,,,,1,1,,1,0,0,4,0,1,0
2115436,XOM,2021-06,2,2,2,,,,,7,5,,33,0,0,76,1,1,0
3570,LNG,2021-07,1,1,1,,,,,143,143,331.3,63,0,0,6,0,1,0
4962,AXP,2021-07,1,1,1,,,,,2,2,354.7,0,1,0,76,0,0,1
4977,AFL,2021-07,1,1,1,,,,,1,1,345.3,0,1,0,6,0,0,1
6176,AP,2021-07,1,1,1,,,,,1,1,343.2,0,1,1,0,0,1,0
6201,AAL,2021-07,2,1,2,,,,,27,21,356.6,8,0,0,6,0,0,2
9631,BNS,2021-07,1,1,1,,,,,33,33,355.4,46,0,0,1,0,1,0
12927,BA,2021-07,4,1,4,,,,,24,6,354.5,9,0,0,48,0,1,3
14272,BMY,2021-07,2,1,2,,,,,16,8,336.2,21,0,0,7,0,0,2
16875,CP,2021-07,3,1,3,,,,,3,1,355.0,3,0,1,0,3,0,0
18230,CAT,2021-07,8,1,8,,,,,136,17,338.2,8,0,0,6,5,3,0
21344,KO,2021-07,1,1,1,,,,,0,0,336.3,3,0,0,66,1,0,0
27419,TGT,2021-07,120,10,120,,,,,18408,191,338.4,281,2,0,76,1,0,119
27904,DAL,2021-07,2,0,2,,,,,6,3,353.7,1,2,0,6,0,1,1
29534,DG,2021-07,4,1,4,,,,,764,191,338.4,65,0,0,6,1,0,3
29989,OMC,2021-07,26,1,26,,,,,546,21,356.9,7,0,0,6,0,24,2
30697,WEN,2021-07,1,1,1,,,,,3,3,342.5,1,0,1,0,1,0,0
33185,EFX,2021-07,1,1,1,,,,,33,33,355.4,46,0,1,0,0,1,0
49754,DIN,2021-07,1,1,1,,,,,3,3,342.5,1,0,1,0,1,0,0
50863,INTC,2021-07,26,3,26,,,,,2595,108,357.7,59,1,0,99,2,0,24
51434,IP,2021-07,2,1,2,,,,,10,5,340.7,0,0,1,0,0,0,2
55785,KMB,2021-07,1,1,1,,,,,0,0,336.3,3,0,0,5,1,0,0
63908,MCD,2021-07,3,1,3,,,,,63,21,356.9,7,0,0,42,0,0,3
72971,WFC,2021-07,2,2,2,,,,,38,33,355.2,53,0,0,10,0,2,0
73309,NUE,2021-07,1,1,1,,,,,5,5,351.3,6,0,0,60,0,1,0
75362,PCAR,2021-07,6,1,6,,,,,102,17,338.2,8,0,1,0,1,0,5
84748,ROG,2021-07,1,1,1,,,,,0,0,336.3,3,0,1,0,1,0,0
92380,LUV,2021-07,2,0,2,,,,,0,0,344.7,13,2,0,31,1,0,1
93410,CVX,2021-07,4,1,4,,,,,64,16,356.4,29,0,0,16,0,0,4
94845,LEVI,2021-07,1,1,1,,,,,10,10,332.1,2,0,1,0,1,0,0
97216,TEX,2021-07,4,1,4,,,,,68,17,338.2,8,0,1,0,1,0,3
104169,WMT,2021-07,5,3,5,,,,,320,191,344.4,108,0,0,62,2,0,3
315189,DE,2021-07,1,1,1,,,,,17,17,338.2,8,0,0,7,1,0,0
316709,SCHW,2021-07,4,2,4,,,,,29,9,355.3,10,0,0,33,0,0,4
320193,AAPL,2021-07,25,10,25,,,,,1829,192,352.7,374,2,0,76,0,3,22
350894,SEIC,2021-07,2,1,2,,,,,16,8,332.1,8,0,0,5,1,0,1
354950,HD,2021-07,1,1,1,,,,,40,40,358.8,22,0,0,11,0,0,1
701818,KGC,2021-07,5,1,5,,,,,80,16,356.4,29,0,0,3,0,2,3
707549,LRCX,2021-07,1,0,1,,,,,13,13,353.4,3,1,0,5,0,0,1
712537,FCF,2021-07,1,1,1,,,,,104,104,356.1,23,0,0,77,0,1,0
723125,MU,2021-07,2,1,2,,,,,28,14,340.0,26,0,0,39,0,1,1
730263,THO,2021-07,1,1,1,,,,,54,54,342.3,20,0,1,0,0,0,1
731012,HCSG,2021-07,1,1,1,,,,,100,100,350.4,23,0,0,15,0,0,1
732712,VZ,2021-07,10,2,10,,,,,172,28,350.4,70,0,0,99,1,6,3
733590,TCI,2021-07,1,1,1,,,,,1,1,355.0,3,0,0,3,0,0,1
744825,AMS,2021-07,1,1,1,,,,,1,1,333.3,0,1,0,6,0,1,0
756894,B,2021-07,1,1,1,,,,,3,3,341.3,5,0,0,62,0,0,1
764180,MO,2021-07,2,1,2,,,,,20,10,333.1,2,0,0,18,1,0,1
764478,BBY,2021-07,31,1,31,,,,,1302,42,344.4,23,0,0,5,0,1,30
773840,HON,2021-07,5,1,5,,,,,65,13,353.3,4,0,0,7,0,0,5
775158,OSK,2021-07,5,1,5,,,,,85,17,338.2,8,0,1,0,1,0,4
783412,DJCO,2021-07,1,1,1,,,,,1,1,349.1,0,1,0,17,0,0,1
789019,MSFT,2021-07,13,5,13,,,,,384,54,344.4,61,2,0,76,1,2,10
794170,TOL,2021-07,1,1,1,,,,,5,5,353.1,1,0,0,4,1,0,0
795266,KBH,2021-07,1,1,1,,,,,5,5,353.1,1,0,0,5,1,0,0
806968,WPP,2021-07,1,1,1,,,,,21,21,356.9,7,0,1,0,0,1,0
811809,BHP,2021-07,2,1,2,,,,,31,23,346.9,28,0,0,1,0,2,0
813298,DXLG,2021-07,2,1,2,,,,,4,2,342.3,0,2,0,3,0,1,1
818686,TEVA,2021-07,2,1,2,,,,,14,14,356.9,21,1,1,0,1,1,0
822416,PHM,2021-07,16,1,16,,,,,80,5,353.1,1,0,0,9,3,11,2
829224,SBUX,2021-07,1,1,1,,,,,10,10,332.1,2,0,0,59,0,0,1
833079,MTH,2021-07,2,1,2,,,,,2,1,359.6,0,2,0,5,2,0,0
841533,SRMX,2021-07,1,1,1,,,,,0,0,332.7,3,1,1,0,1,0,0
845877,AGM,2021-07,2,1,2,,,,,66,33,355.4,46,0,0,1,0,1,1
875045,BIIB,2021-07,2,1,2,,,,,8,7,351.9,6,2,0,10,0,1,1
882095,GILD,2021-07,4,1,4,,,,,32,8,336.2,21,0,0,56,0,0,4
882184,DHI,2021-07,2,1,2,,,,,10,5,353.1,1,0,0,51,2,0,0
895126,EXE,2021-07,1,1,1,,,,,8,8,333.0,14,0,1,0,0,1,0
895728,ENB,2021-07,2,1,2,,,,,16,8,333.0,14,0,0,5,0,2,0
897421,NPV,2021-07,4,1,4,,,,,167,108,344.6,92,0,0,16,0,4,0
898174,RGA,2021-07,1,1,1,,,,,1,1,344.3,0,0,0,5,0,0,1
906163,NVR,2021-07,2,1,2,,,,,10,5,353.1,1,0,0,4,2,0,0
908255,BWA,2021-07,7,1,7,,,,,91,13,353.3,4,0,0,1,0,3,4
909832,COST,2021-07,6,2,6,,,,,997,191,338.4,88,0,0,61,1,0,5
911971,TK,2021-07,1,1,1,,,,,1,1,353.5,1,1,0,5,0,1,0
913144,RNR,2021-07,1,1,1,,,,,1,1,344.3,0,0,1,0,0,1,0
913760,SNEX,2021-07,3,1,3,,,,,435,145,354.4,42,0,1,0,0,1,2
914208,IVZ,2021-07,5,1,5,,,,,40,8,332.1,8,0,0,13,1,0,4
916789,HELE,2021-07,5,1,5,,,,,25,7,358.3,12,0,1,0,0,3,2
917851,VALE,2021-07,2,1,2,,,,,39,23,347.8,51,0,1,0,0,2,0
919012,AEO,2021-07,2,1,2,,,,,20,10,332.1,2,0,0,3,1,0,1
920760,LEN,2021-07,2,1,2,,,,,10,5,353.1,1,0,0,4,2,0,0
923796,GEO,2021-07,2,1,2,,,,,0,0,346.4,19,2,0,5,1,1,0
927971,BMO,2021-07,17,1,17,,,,,849,51,355.3,56,0,1,0,0,17,0
935703,DLTR,2021-07,5,1,5,,,,,955,191,338.4,65,0,0,61,1,0,4
946563,RVP,2021-07,1,1,1,,,,,0,0,330.0,4,0,1,0,0,0,1
947263,TD,2021-07,2,1,2,,,,,60,51,355.3,20,0,1,0,0,2,0
1013237,FDS,2021-07,1,1,1,,,,,40,40,341.1,27,0,0,13,0,0,1
1018164,WLFC,2021-07,1,0,1,,,,,3,3,333.0,1,0,0,5,0,1,0
1018724,AMZN,2021-07,11,7,11,,,,,480,131,341.5,317,2,0,74,0,2,9
1019849,PAG,2021-07,1,1,1,,,,,5,5,353.1,1,0,1,0,0,0,1
1041130,DIA,2021-07,3,1,3,,,,,0,0,331.1,7,0,1,0,2,1,0
1047127,AMKR,2021-07,2,1,2,,,,,20,10,341.9,24,0,0,2,1,0,1
1047716,LTM,2021-07,2,1,2,,,,,110,108,353.1,56,0,1,0,0,2,0
1055726,INO,2021-07,2,1,2,,,,,0,0,340.3,1,0,1,0,0,1,1
1059556,MCO,2021-07,1,1,1,,,,,21,21,356.9,7,0,0,30,0,0,1
1065280,NFLX,2021-07,3,1,3,,,,,25,12,333.4,20,1,0,39,0,0,3
1065521,SFTBF,2021-07,3,1,3,,,,,0,0,356.4,19,0,0,19,0,0,3
1067839,QQQ,2021-07,1,1,1,,,,,0,0,353.1,15,0,0,7,0,1,0
1067983,BRK-B,2021-07,7,3,7,,,,,158,56,358.2,54,3,0,74,0,1,6
1108524,CRM,2021-07,2,1,2,,,,,42,21,356.9,7,0,0,14,0,2,0
1113169,TROW,2021-07,1,1,1,,,,,8,8,332.1,8,0,0,14,1,0,0
1114448,NVS,2021-07,1,1,1,,,,,8,8,336.2,21,0,1,0,0,0,1
1122411,ASX,2021-07,2,1,2,,,,,16,15,347.5,6,1,0,47,0,2,0
1137774,PRU,2021-07,3,1,3,,,,,392,191,338.4,67,0,0,6,0,3,0
1138118,CBRE,2021-07,1,1,1,,,,,3,3,342.5,1,0,1,0,0,1,0
1160330,BBDO,2021-07,4,1,4,,,,,96,33,356.9,53,0,1,0,0,4,0
1163165,COP,2021-07,1,1,1,,,,,2,2,354.7,0,1,0,8,0,0,1
1164727,NEM,2021-07,2,1,2,,,,,32,16,356.4,29,0,1,0,0,2,0
1178670,ALNY,2021-07,1,1,1,,,,,8,8,336.2,21,0,1,0,1,0,0
1276520,GNW,2021-07,2,0,2,,,,,22,11,351.9,4,2,0,1,1,0,1
1278680,IAU,2021-07,8,2,8,,,,,58,8,332.1,14,0,0,43,0,0,8
1283699,TMUS,2021-07,1,1,1,,,,,0,0,332.7,3,1,0,5,1,0,0
1289419,MORN,2021-07,2,2,2,,,,,15,14,351.4,14,1,0,65,0,0,2
1318605,TSLA,2021-07,36,8,36,,,,,3444,131,339.9,665,4,0,58,1,1,34
1324948,RBC,2021-07,15,1,15,,,,,765,51,355.3,10,0,0,4,0,15,0
1326380,GME,2021-07,4,3,4,,,,,273,143,348.6,248,1,0,20,0,3,1
1326801,META,2021-07,1,1,1,,,,,21,21,356.9,7,0,0,47,0,0,1
1329099,BIDU,2021-07,1,0,1,,,,,5,5,332.1,5,1,0,63,0,0,1
1336917,UAA,2021-07,4,1,4,,,,,40,10,332.1,2,0,0,2,1,0,3
1341439,ORCL,2021-07,1,1,1,,,,,0,0,353.1,15,0,0,76,0,0,1
1365767,ALLT,2021-07,1,1,1,,,,,2,2,339.6,8,0,1,0,0,0,1
1375877,CSIQ,2021-07,2,1,2,,,,,66,33,355.4,46,0,0,7,0,1,1
1381197,IBKR,2021-07,2,1,2,,,,,188,94,352.5,35,0,0,7,0,1,1
1384195,REI,2021-07,1,1,1,,,,,8,8,333.0,14,0,0,2,0,1,0
1393818,BX,2021-07,1,1,1,,,,,8,8,332.1,8,0,0,5,1,0,0
1397187,LULU,2021-07,83,1,83,,,,,830,10,332.1,2,0,0,13,10,0,73
1404912,KKR,2021-07,2,1,2,,,,,26,13,332.1,28,0,0,29,0,2,0
1414932,OCSL,2021-07,1,1,1,,,,,13,13,353.3,4,0,0,60,0,0,1
1419945,TNK,2021-07,1,1,1,,,,,1,1,353.5,1,1,0,39,0,1,0
1429937,BTG,2021-07,2,1,2,,,,,32,16,356.4,29,0,1,0,0,2,0
1456346,FNV,2021-07,2,1,2,,,,,32,16,356.4,29,0,1,0,0,2,0
1493318,ETOR,2021-07,1,1,1,,,,,0,0,331.8,26,0,0,5,0,0,1
1512673,XYZ,2021-07,3,1,3,,,,,20,10,350.1,9,0,0,5,0,3,0
1513761,NCLH,2021-07,6,1,6,,,,,24,4,352.4,15,0,0,2,0,5,1
1527469,ATH-PA,2021-07,2,1,2,,,,,20,10,330.3,11,0,0,5,0,0,2
1529192,VIPS,2021-07,4,1,4,,,,,0,0,353.1,15,0,0,3,0,4,0
1529864,ENVA,2021-07,3,0,3,,,,,9,3,333.0,1,0,0,4,0,3,0
1543151,UBER,2021-07,1,1,1,,,,,3,3,342.5,1,0,1,0,1,0,0
1551152,ABBV,2021-07,3,1,3,,,,,10,5,343.4,2,1,0,5,0,1,2
1559720,ABNB,2021-07,1,1,1,,,,,159,159,342.1,108,0,0,5,1,0,0
1560385,FWONA,2021-07,1,1,1,,,,,5,5,338.0,6,0,0,12,0,0,1
1569650,OZK,2021-07,1,1,1,,,,,0,0,337.5,0,0,0,3,0,1,0
1577552,BABA,2021-07,21,10,21,,,,,599,143,344.4,581,3,0,46,5,4,12
1577568,HEXEY,2021-07,1,1,1,,,,,15,15,340.5,6,0,0,3,0,0,1
1580670,LGIH,2021-07,1,1,1,,,,,5,5,353.1,1,0,0,38,1,0,0
1591588,GOLD,2021-07,1,1,1,,,,,3,3,341.3,5,0,0,11,0,1,0
1604778,QRVO,2021-07,2,1,2,,,,,2,1,339.1,1,0,0,5,0,2,0
1618673,PFGC,2021-07,1,0,1,,,,,5,5,342.7,2,0,1,0,0,0,1
1628063,SRG,2021-07,6,1,6,,,,,30,5,331.4,10,0,0,8,0,5,1
1637459,KHC,2021-07,1,1,1,,,,,1,1,358.5,0,1,0,30,0,0,1
1639920,SPOT,2021-07,1,1,1,,,,,52,52,334.3,36,0,0,11,1,0,0
1650664,EDIT,2021-07,1,1,1,,,,,15,15,340.5,6,0,0,15,0,1,0
1652044,GOOGL,2021-07,9,5,9,,,,,469,192,344.4,114,0,0,77,0,1,8
1654126,ZIM,2021-07,29,1,29,,,,,4147,143,331.3,63,0,0,1,2,27,0
1655210,BYND,2021-07,1,1,1,,,,,9,9,348.5,7,0,0,7,0,0,1
1658566,PR,2021-07,1,1,1,,,,,21,21,356.9,7,0,1,0,0,1,0
1666175,FTS,2021-07,1,1,1,,,,,8,8,333.0,14,0,0,14,0,1,0
1666700,DD,2021-07,3,2,3,,,,,15,8,355.0,10,0,0,8,0,3,0
1679788,COIN,2021-07,1,1,1,,,,,159,159,342.1,108,0,0,3,1,0,0
1682852,MRNA,2021-07,1,1,1,,,,,8,8,336.2,21,0,0,5,1,0,0
1690511,GOOS,2021-07,5,1,5,,,,,50,10,332.1,2,0,0,11,1,0,4
1691303,HCC,2021-07,1,1,1,,,,,1,1,353.5,1,1,0,5,0,1,0
1691710,CPPKF,2021-07,1,0,1,,,,,2,2,338.2,1,1,0,6,0,0,1
1697500,SEI,2021-07,2,1,2,,,,,16,8,332.1,8,0,0,16,0,2,0
1710366,CNR,2021-07,3,1,3,,,,,3,1,355.0,3,0,1,0,0,3,0
1718405,HYMC,2021-07,2,0,2,,,,,2,1,352.0,0,2,1,0,0,1,1
1725123,CANG,2021-07,11,1,11,,,,,77,7,355.4,20,0,1,0,2,0,9
1731348,TLRY,2021-07,1,1,1,,,,,0,0,358.1,2,1,0,6,0,0,1
1735707,GTX,2021-07,9,1,9,,,,,117,13,353.3,4,0,1,0,0,7,2
1744489,DIS,2021-07,3,1,3,,,,,78,54,333.4,40,0,0,32,0,0,3
1744676,TME,2021-07,2,2,2,,,,,52,52,345.3,55,0,0,46,0,0,2
1756699,TIGR,2021-07,5,1,5,,,,,0,0,353.1,15,0,0,3,0,5,0
1762417,DOYU,2021-07,3,1,3,,,,,3,1,354.9,14,0,1,0,0,3,0
1768666,BSTZ,2021-07,51,1,51,,,,,408,8,332.1,8,0,0,29,0,0,51
1777921,AVPT,2021-07,5,1,5,,,,,150,30,357.0,0,0,1,0,0,1,4
1783398,UWMC,2021-07,3,1,3,,,,,120,40,341.1,27,0,0,5,0,3,0
1783879,HOOD,2021-07,3,1,3,,,,,31,17,359.5,55,2,0,22,0,0,3
1791706,LI,2021-07,6,1,6,,,,,42,7,355.4,20,0,1,0,3,1,2
1792789,DASH,2021-07,1,1,1,,,,,159,159,342.1,108,0,0,7,1,0,0
1805284,RKT,2021-07,2,1,2,,,,,52,26,360.1,35,0,0,5,0,2,0
1806347,WEST,2021-07,1,1,1,,,,,5,5,340.7,0,0,1,0,0,0,1
1817358,ASO,2021-07,2,1,2,,,,,26,13,332.1,28,0,0,2,0,2,0
1819994,RKLB,2021-07,10,1,10,,,,,82,13,334.0,22,4,1,0,0,0,10
1821424,UK,2021-07,2,1,2,,,,,7,5,344.6,1,0,0,32,0,2,0
1834026,GROY,2021-07,1,0,1,,,,,0,0,351.4,1,1,1,0,0,0,1
1842726,LSEGY,2021-07,2,2,2,,,,,24,15,344.5,13,0,0,32,0,0,2
1843586,OTLY,2021-07,1,1,1,,,,,159,159,342.1,108,0,0,1,1,0,0
1846069,NXDR,2021-07,1,1,1,,,,,64,64,329.0,32,0,1,0,0,0,1
1854640,CGAU,2021-07,5,2,5,,,,,97,33,356.4,75,0,1,0,0,2,3
1866364,BULL,2021-07,8,8,8,,,,,16,14,343.4,31,7,0,35,0,0,8
1904856,EFXT,2021-07,1,1,1,,,,,33,33,355.4,46,0,1,0,0,0,1
1910139,MBLY,2021-07,1,1,1,,,,,108,108,357.7,55,0,1,0,0,0,1
1982448,BLIV,2021-07,1,1,1,,,,,1,1,344.3,0,0,1,0,0,0,1
1985139,LSE,2021-07,2,2,2,,,,,20,15,339.9,10,0,0,32,0,2,0
1985406,NEXHY,2021-07,2,2,2,,,,,40,35,341.6,18,0,1,0,0,0,2
1995807,LB,2021-07,2,1,2,,,,,2,1,332.5,9,0,1,0,2,0,0
2005951,SW,2021-07,2,1,2,,,,,10,5,340.7,0,0,1,0,0,0,2
2012383,BLK,2021-07,3,2,3,,,,,16,8,332.1,34,0,0,7,2,1,0
2026053,PS,2021-07,1,1,1,,,,,1,1,349.1,0,1,0,36,0,0,1
4962,AXP,2021-08,1,1,1,,,,,23,23,320.6,0,0,0,77,0,0,1
6845,APOG,2021-08,2,0,2,,,,,2,1,308.6,2,0,1,0,0,1,1
18926,LUMN,2021-08,2,1,2,,,,,52,26,325.2,15,0,0,8,2,0,0
19584,CHE,2021-08,5,1,5,,,,,60,12,315.1,3,0,1,0,0,1,4
19617,JPM,2021-08,1,1,1,,,,,10,10,315.7,22,0,0,34,0,1,0
21076,CLX,2021-08,1,1,1,,,,,2,2,309.6,21,0,0,6,0,0,1
21344,KO,2021-08,1,1,1,,,,,1,1,317.1,0,0,0,67,0,0,1
27419,TGT,2021-08,8,4,8,,,,,573,102,323.4,214,0,0,77,0,0,8
31667,EDUC,2021-08,1,1,1,,,,,9,9,314.0,9,0,0,6,0,1,0
42582,GT,2021-08,1,1,1,,,,,10,10,314.1,31,0,0,4,1,0,0
50863,INTC,2021-08,18,8,18,,,,,452,113,323.6,260,0,0,100,0,1,17
72971,WFC,2021-08,1,1,1,,,,,10,10,315.7,22,0,0,11,0,1,0
74046,ODC,2021-08,1,1,1,,,,,174,174,328.3,71,0,1,0,0,1,0
77476,PEP,2021-08,1,1,1,,,,,1,1,317.1,0,0,0,16,0,0,1
78003,PFE,2021-08,1,1,1,,,,,8,8,307.0,13,0,0,59,0,0,1
93410,CVX,2021-08,1,1,1,,,,,5,5,328.3,18,0,0,17,1,0,0
104169,WMT,2021-08,1,1,1,,,,,27,27,327.4,45,0,0,63,0,0,1
106040,WDC,2021-08,2,1,2,,,,,144,72,321.2,61,0,0,7,0,1,1
200406,JNJ,2021-08,1,1,1,,,,,10,10,315.7,22,0,0,14,0,1,0
310158,MRK,2021-08,2,2,2,,,,,35,25,311.4,35,0,0,7,0,2,0
313216,PHG,2021-08,3,1,3,,,,,24,8,307.7,10,0,0,5,0,2,1
313807,BP,2021-08,1,1,1,,,,,5,5,328.3,18,0,1,0,1,0,0
314203,MUX,2021-08,1,1,1,,,,,10,10,315.7,22,0,1,0,0,1,0
316709,SCHW,2021-08,2,2,2,,,,,5,4,323.3,11,0,0,34,0,0,2
317788,APPS,2021-08,1,0,1,,,,,4,4,327.0,4,1,1,0,0,0,1
318300,PEBO,2021-08,2,0,2,,,,,14,7,310.1,7,2,1,0,0,1,1
320193,AAPL,2021-08,14,9,14,,,,,402,113,320.6,177,2,0,77,0,1,13
701985,BBWI,2021-08,2,1,2,,,,,8,4,325.3,2,0,1,0,1,1,0
723125,MU,2021-08,9,1,9,,,,,648,72,321.2,61,0,0,40,0,6,3
730263,THO,2021-08,1,1,1,,,,,23,23,320.6,0,0,0,1,0,0,1
731766,UNH,2021-08,1,1,1,,,,,3,3,315.9,32,0,0,8,0,1,0
732712,VZ,2021-08,1,0,1,,,,,0,0,328.1,24,0,0,100,0,1,0
740260,VTR,2021-08,1,1,1,,,,,13,13,308.9,17,0,0,7,0,1,0
764478,BBY,2021-08,2,1,2,,,,,2,1,316.1,5,0,0,6,0,1,1
788329,JOUT,2021-08,2,1,2,,,,,2,1,316.1,5,0,1,0,0,1,1
788784,PEG,2021-08,1,1,1,,,,,28,28,314.3,9,0,0,6,0,1,0
789019,MSFT,2021-08,6,5,6,,,,,151,113,318.0,102,0,0,77,0,3,3
789570,MGM,2021-08,2,1,2,,,,,204,102,323.4,28,0,0,16,0,2,0
796343,ADBE,2021-08,3,1,3,,,,,1,1,327.3,4,1,0,29,0,0,3
799195,USA,2021-08,1,1,1,,,,,76,76,312.2,22,0,1,0,0,1,0
804328,QCOM,2021-08,2,2,2,,,,,116,113,318.8,63,0,0,56,0,1,1
811809,BHP,2021-08,1,1,1,,,,,11,11,316.3,0,0,0,2,0,1,0
814586,LWAY,2021-08,4,1,4,,,,,56,14,310.9,17,0,1,0,0,1,3
829224,SBUX,2021-08,1,1,1,,,,,23,23,320.6,0,0,0,60,0,0,1
830616,SCIA,2021-08,3,1,3,,,,,3,1,319.6,2,0,1,0,0,2,1
851968,MHK,2021-08,8,0,8,,,,,128,16,308.7,4,0,0,14,1,5,2
862831,FISI,2021-08,3,1,3,,,,,17,9,316.1,9,0,0,12,0,0,3
872589,REGN,2021-08,1,1,1,,,,,0,0,320.4,0,0,0,6,0,1,0
875045,BIIB,2021-08,1,1,1,,,,,16,16,312.8,5,0,0,11,0,0,1
879764,TTE,2021-08,1,1,1,,,,,5,5,328.3,18,0,1,0,1,0,0
894671,OVBC,2021-08,1,1,1,,,,,10,10,315.7,22,0,1,0,0,1,0
898174,RGA,2021-08,1,1,1,,,,,21,21,322.8,4,0,0,6,0,0,1
906345,CPT,2021-08,5,1,5,,,,,30,6,319.9,6,0,1,0,0,5,0
909832,COST,2021-08,1,1,1,,,,,14,14,310.9,17,0,0,62,0,0,1
913059,BBAR,2021-08,1,1,1,,,,,0,0,314.7,7,0,0,6,0,1,0
917851,VALE,2021-08,1,1,1,,,,,2,2,308.9,2,0,0,1,0,1,0
919012,AEO,2021-08,1,1,1,,,,,10,10,315.7,22,0,0,4,0,1,0
923796,GEO,2021-08,1,0,1,,,,,0,0,316.0,1,1,0,6,1,0,0
927971,BMO,2021-08,1,1,1,,,,,3,3,328.1,3,0,0,1,0,1,0
1018724,AMZN,2021-08,66,11,66,,,,,5774,113,323.4,295,0,0,75,1,0,65
1045810,NVDA,2021-08,1,1,1,,,,,3,3,315.9,32,0,0,62,0,1,0
1046568,PRDO,2021-08,2,1,2,,,,,6,3,308.8,14,0,0,11,0,1,1
1057060,HZO,2021-08,1,1,1,,,,,6,6,312.1,7,0,0,5,0,1,0
1065280,NFLX,2021-08,2,1,2,,,,,2,1,313.2,3,0,0,40,0,1,1
1067983,BRK-B,2021-08,18,6,18,,,,,349,124,321.4,105,1,0,75,0,2,16
1070985,CXW,2021-08,1,0,1,,,,,0,0,328.1,24,0,0,5,0,1,0
1086888,MFC,2021-08,4,1,4,,,,,92,23,316.4,13,0,0,6,1,1,2
1091223,MTLS,2021-08,1,1,1,,,,,64,64,319.0,52,0,0,66,0,0,1
1108524,CRM,2021-08,1,1,1,,,,,23,23,320.6,0,0,0,15,0,0,1
1122411,ASX,2021-08,1,1,1,,,,,28,28,314.3,9,0,0,48,0,1,0
1221029,CPAC,2021-08,1,1,1,,,,,1,1,315.7,3,0,1,0,0,1,0
1289419,MORN,2021-08,2,2,2,,,,,32,25,308.0,15,0,0,66,0,0,2
1301787,BXC,2021-08,12,0,12,,,,,27,16,308.6,6,0,0,5,1,5,6
1316835,BLDR,2021-08,2,0,2,,,,,2,1,308.6,2,0,1,0,0,1,1
1318605,TSLA,2021-08,7,4,7,,,,,169,78,317.1,112,0,0,59,0,1,6
1321655,PLTR,2021-08,1,1,1,,,,,0,0,310.7,40,0,0,10,0,0,1
1326380,GME,2021-08,1,1,1,,,,,26,26,328.8,0,0,0,21,0,1,0
1326801,META,2021-08,4,4,4,,,,,148,113,318.5,131,0,0,48,0,0,4
1370946,OC,2021-08,2,0,2,,,,,2,1,308.6,2,0,0,11,0,1,1
1372920,EDU,2021-08,1,1,1,,,,,9,9,320.3,21,0,1,0,0,1,0
1381197,IBKR,2021-08,2,2,2,,,,,8,4,318.0,13,0,0,8,0,0,2
1403568,ULTA,2021-08,1,1,1,,,,,2,2,309.6,21,0,0,10,0,1,0
1429937,BTG,2021-08,1,1,1,,,,,7,7,307.0,12,0,0,1,0,1,0
1430725,GSL,2021-08,1,1,1,,,,,22,22,316.1,28,0,1,0,0,1,0
1477333,NET,2021-08,3,1,3,,,,,31,15,317.4,38,1,0,6,1,0,2
1494413,TWOH,2021-08,1,1,1,,,,,0,0,324.0,7,1,1,0,1,0,0
1499620,TAL,2021-08,1,1,1,,,,,9,9,320.3,21,0,1,0,0,1,0
1500217,AAT,2021-08,1,1,1,,,,,26,26,325.2,15,0,1,0,0,0,1
1510593,XNET,2021-08,1,0,1,,,,,1,1,324.4,2,1,1,0,1,0,0
1512673,XYZ,2021-08,4,1,4,,,,,4,1,317.1,0,0,0,6,0,4,0
1514705,SXC,2021-08,1,0,1,,,,,0,0,328.1,24,0,0,11,0,1,0
1547903,NMIH,2021-08,1,1,1,,,,,1,1,316.1,5,0,0,8,0,1,0
1560258,ECOR,2021-08,3,1,3,,,,,3,1,317.1,0,0,1,0,0,2,1
1560385,FWONA,2021-08,2,1,2,,,,,8,4,309.9,1,0,0,13,0,0,2
1577552,BABA,2021-08,23,8,23,,,,,1639,206,316.4,631,1,0,47,1,8,14
1616862,AXTA,2021-08,1,1,1,,,,,16,16,312.8,5,0,1,0,0,0,1
1620533,SHAK,2021-08,1,1,1,,,,,23,23,320.6,0,0,0,48,0,0,1
1633917,PYPL,2021-08,2,2,2,,,,,26,23,318.3,32,0,0,61,0,1,1
1647639,UPST,2021-08,1,1,1,,,,,23,23,320.6,0,0,0,77,0,0,1
1649744,DLTH,2021-08,1,1,1,,,,,10,10,318.0,11,0,1,0,0,1,0
1650664,EDIT,2021-08,5,5,5,,,,,93,72,321.2,143,0,0,16,0,5,0
1652044,GOOGL,2021-08,9,8,9,,,,,185,113,319.9,174,0,0,78,0,1,8
1659166,FTV,2021-08,8,1,8,,,,,80,10,325.9,6,0,0,7,0,0,8
1666700,DD,2021-08,1,0,1,,,,,16,16,308.7,4,0,0,9,0,1,0
1679788,COIN,2021-08,2,1,2,,,,,16,8,309.1,32,0,0,4,0,0,2
1680062,ACMR,2021-08,1,0,1,,,,,4,4,327.0,4,1,1,0,0,0,1
1682852,MRNA,2021-08,3,1,3,,,,,66,22,323.4,39,0,0,6,0,0,3
1726173,BH-A,2021-08,1,1,1,,,,,1,1,317.1,0,0,0,7,0,0,1
1726978,GSHD,2021-08,2,1,2,,,,,2,1,310.1,1,0,1,0,0,1,1
1731348,TLRY,2021-08,2,1,2,,,,,36,18,307.3,27,0,0,7,0,0,2
1735707,GTX,2021-08,3,1,3,,,,,15,5,323.2,12,0,0,1,0,1,2
1736541,NIO,2021-08,1,1,1,,,,,0,0,310.7,40,0,0,32,0,1,0
1737806,PDD,2021-08,5,1,5,,,,,45,9,320.3,21,0,0,3,0,5,0
1743759,CRSR,2021-08,1,1,1,,,,,0,0,310.7,40,0,0,5,0,0,1
1744489,DIS,2021-08,1,1,1,,,,,2,2,316.1,3,0,0,33,0,0,1
1744676,TME,2021-08,15,3,15,,,,,113,59,313.9,96,0,0,47,0,0,15
1751788,DOW,2021-08,1,1,1,,,,,18,18,323.0,19,0,1,0,0,1,0
1754581,FUTU,2021-08,2,1,2,,,,,18,9,320.3,21,0,0,4,0,2,0
1762417,DOYU,2021-08,1,1,1,,,,,1,1,328.2,1,1,0,1,0,1,0
1772921,ONEW,2021-08,1,1,1,,,,,6,6,312.1,7,0,0,6,0,1,0
1783879,HOOD,2021-08,2,1,2,,,,,2,2,319.2,6,2,0,23,0,0,2
1786286,DPRO,2021-08,1,1,1,,,,,1,1,324.2,1,1,1,0,0,0,1
1786842,VNT,2021-08,12,1,12,,,,,120,10,325.9,6,0,1,0,0,0,12
1802156,XPOF,2021-08,1,1,1,,,,,1,1,324.2,1,1,1,0,0,0,1
1805284,RKT,2021-08,2,1,2,,,,,0,0,316.6,1,2,0,6,0,1,1
1808805,NAUT,2021-08,1,1,1,,,,,9,9,316.1,15,0,0,3,0,0,1
1814974,BBXIB,2021-08,3,0,3,,,,,3,1,307.1,1,3,1,0,2,0,1
1817358,ASO,2021-08,1,1,1,,,,,6,6,312.1,7,0,0,3,0,1,0
1821825,OGN,2021-08,2,2,2,,,,,26,16,314.2,27,0,0,4,0,1,1
1834584,CPNG,2021-08,1,0,1,,,,,0,0,328.1,24,0,0,2,0,1,0
1883685,DKNG,2021-08,2,1,2,,,,,36,18,320.3,12,0,0,15,0,0,2
1930313,SBC,2021-08,6,1,6,,,,,42,7,328.0,5,0,1,0,0,6,0
2020455,ETH,2021-08,1,1,1,,,,,1,1,324.9,1,1,0,4,0,1,0
2026053,PS,2021-08,1,1,1,,,,,12,12,315.1,3,0,0,37,0,1,0
2115436,XOM,2021-08,2,2,2,,,,,15,10,322.0,40,0,0,78,1,1,0
